mode,fold,config,model,rmse_full,rmse_abl,level_full,level_abl,anom_full,anom_abl,r2sp_full,r2sp_abl,rsp_full,rsp_abl,d_rmse,d_r2sp,d_rsp,rank_reversal
spatial,0,Blr-Pre,RF_lag,0.6351641653786528,0.7629070813750117,0.2119292646445198,0.289306700979528,0.5987649820826145,0.7059241089384047,0.4978220932722588,0.30199128663952246,0.7254862362972083,0.370263778544159,0.1277429159963589,0.19583080663273633,0.35522245775304934,False
spatial,0,Blr-Pre,GAT,1.3957917508460902,1.3819872615475237,1.14001049464959,1.1149402177329661,0.8053636966109109,0.8165764520001725,0.09149167044539464,0.06601797292648659,0.5309677038418225,0.2856330348141027,-0.01380448929856648,0.025473697518908045,0.24533466902771978,True
spatial,0,Blr-Post,RF_lag,0.8538305698710138,0.9354149862593288,0.475388226510307,0.4829398243674553,0.7092479652009198,0.8011056875085033,0.30829669491094724,0.11752322607216914,0.6653324664137171,0.3642327951246427,0.08158441638831504,0.1907734688387781,0.30109967128907444,False
spatial,0,Blr-Post,GAT,1.5536469406021243,1.4875092259536642,1.3242917474806877,1.2155743281629492,0.8124470343332466,0.8573580057411627,0.09235970297853557,-0.010760051471354393,0.5880956313008908,0.34042059792465673,-0.06613771464846008,0.10311975444988997,0.2476750333762341,True
spatial,0,Hyd-Pre,RF_lag,0.6944401908161014,0.8592265591527187,0.3285205268306447,0.36303349347370056,0.6118181446080355,0.7787663080601915,0.5865210796036866,0.33007994855775213,0.7202837982275382,0.5503623395463965,0.1647863683366173,0.25644113104593447,0.16992145868114172,False
spatial,0,Hyd-Pre,GAT,1.2702663006587236,1.2924336712594804,0.9621276798685456,0.9929585504262035,0.8293894153049989,0.8272956616233107,0.24015388815913663,0.24398543568309872,0.5901891184391557,0.49924219410357235,0.022167370600756797,-0.0038315475239620866,0.09094692433558332,False
spatial,0,Hyd-Post,RF_lag,0.7219490708114321,0.8449684938225286,0.4029617374392399,0.34807745440679405,0.5990261254782127,0.7699440507507014,0.6301244004730406,0.3889419220025042,0.786930520415701,0.6118780066939657,0.12301942301109647,0.24118247847053642,0.17505251372173525,False
spatial,0,Hyd-Post,GAT,1.311371854061583,1.3612907903434126,1.0951541217664607,1.1145415992946037,0.7213415205038775,0.7816070875546229,0.4636528016183409,0.3702892138613245,0.6940594469134762,0.617590325011146,0.04991893628182953,0.09336358775701636,0.07646912190233024,False
spatial,0,Dlh-Pre,RF_lag,0.6604645532201228,1.017862918394063,0.16739291385842645,0.24695081726639193,0.6388998657459882,0.9874513732296596,0.6955644755376612,0.27278777485137196,0.8303415870849842,0.5490106018491316,0.3573983651739403,0.42277670068628925,0.28133098523585254,False
spatial,0,Dlh-Pre,GAT,1.7538706948847993,1.8511650986400052,1.5430417092348514,1.5118161175724143,0.8337173969261267,1.0682809785216305,0.48159705181234735,0.1488605388416976,0.6847270599635056,0.41402398917328714,0.09729440375520593,0.33273651297064977,0.27070307079021844,False
spatial,0,Dlh-Post,RF_lag,0.5807412047693898,0.8550389451982835,0.16046293262018918,0.23808377693514668,0.5581325955110766,0.8212233027417626,0.7135478525369733,0.37984558778131405,0.8334096202681917,0.6072205784573542,0.27429774042889365,0.33370226475565923,0.22618904181083743,False
spatial,0,Dlh-Post,GAT,1.0452275106031101,1.3110079110481034,0.7570338788998161,0.9748973575072345,0.7206942868647379,0.8765368703917271,0.5223833391477701,0.293491018636013,0.6929024697609109,0.49768326441608296,0.2657804004449933,0.22889232051175712,0.1952192053448279,False
spatial,1,Blr-Pre,RF_lag,0.7662005540326621,0.9852830886080733,0.4100379634802705,0.6151622127305497,0.6472496871416089,0.7696481122730819,0.3471733331056802,0.07692156521106774,0.6728687388368217,0.27677817736344235,0.21908253457541127,0.27025176789461247,0.3960905614733794,False
spatial,1,Blr-Post,RF_lag,0.6423455675536163,0.8575777485068856,0.2641614009335428,0.47049818679771854,0.585513947240034,0.7169874831224031,0.4530730944113309,0.17987897212501358,0.6263756564117791,0.2657477360115859,0.21523218095326935,0.27319412228631734,0.36062792040019315,False
spatial,1,Hyd-Pre,RF_lag,0.7593381842913448,0.874641664442919,0.33182221929787603,0.337148721026317,0.6829996287723066,0.8070494291490443,0.43930317865892876,0.21713400703142904,0.6454554573187582,0.43119705680450926,0.11530348015157421,0.22216917162749972,0.21425840051424894,False
spatial,1,Hyd-Post,RF_lag,0.8069901119264675,0.9620672320810052,0.41654115952300363,0.42780316714445754,0.6911776205653104,0.8617179406425155,0.4780943387698896,0.18877198176489507,0.6962154552376082,0.42880070239605467,0.15507712015453767,0.28932235700499453,0.2674147528415535,False
spatial,1,Dlh-Pre,RF_lag,0.8613670973115052,1.5304461310266528,0.33496269363533826,0.8131337955782887,0.7935699529363536,1.2965642253521021,0.6072025161842821,-0.04854321562556674,0.761711546008548,0.2826295012285395,0.6690790337151477,0.6557457318098489,0.47908204478000843,False
spatial,2,Blr-Pre,RF_lag,0.8594597767471671,0.9509630468197713,0.48727159849279067,0.4896213797284056,0.7079812830496093,0.8152310230416866,0.28708131654983293,0.05472572322031699,0.5601017188606536,0.34596584351114157,0.09150327007260417,0.23235559332951594,0.21413587534951206,False
spatial,2,Blr-Post,RF_lag,0.7733035367312275,0.8987177845519225,0.3585494324690247,0.48956397010807284,0.6851574011839654,0.7536715302052598,0.2604309657825613,0.10512529448530838,0.5351716260560772,0.2983137524651531,0.125414247820695,0.15530567129725292,0.23685787359092403,False
spatial,2,Hyd-Pre,RF_lag,0.6413108427321369,0.8748873824279176,0.2214285352766747,0.2693518238365471,0.60187124933081,0.8323926518942242,0.4842397148066858,0.013499802258822524,0.6411747545988985,0.3237908831032734,0.23357653969578074,0.4707399125478633,0.3173838714956251,False
spatial,2,Hyd-Post,RF_lag,0.7955781572290146,1.0576947190365968,0.3823114081103243,0.5172879812966883,0.6976980661350694,0.9225677552808264,0.42645373810146325,-0.002836097391886838,0.7218328453244697,0.4378155793155254,0.26211656180758225,0.4292898354933501,0.2840172660089443,False
spatial,3,Blr-Pre,RF_lag,0.664296270648092,0.8265422332953529,0.3252569858190853,0.4996355752384101,0.5792213984072467,0.6584347768587657,0.48566265601516245,0.33536319897602207,0.6587925578273282,0.4947779658695276,0.16224596264726088,0.15029945703914038,0.16401459195780055,False
spatial,3,Blr-Post,RF_lag,0.6441800063790357,0.7187368036432777,0.2629280074480384,0.3337019031837623,0.5880788582476834,0.6365733521935163,0.39762481617051604,0.2941818080957127,0.6152761788731698,0.3833417702722449,0.07455679726424203,0.10344300807480333,0.23193440860092485,False
spatial,3,Hyd-Pre,RF_lag,0.8382028482703646,1.0808777196032255,0.4730524008234695,0.6065777449983052,0.6919576872350675,0.8946284614338179,0.49524457732298066,0.15626252759862758,0.7160690802141182,0.43745351265203103,0.24267487133286092,0.3389820497243531,0.27861556756208716,False
spatial,3,Hyd-Post,RF_lag,0.8205530848953131,1.1145235653028835,0.4547133803026359,0.5524124192782274,0.6830396085915994,0.9679893060579889,0.5237306699929765,0.04346259605704483,0.7499436427065721,0.46348419043092276,0.29397048040757046,0.4802680739359316,0.28645945227564934,False
spatiotemporal,0,Blr-Pre,RF_lag,2.661221822677092,2.7087737084237307,2.4363396484529254,2.4607370511232483,1.07067768579954,1.1323551424694065,0.06355712080246556,-0.0474398723436571,0.4699027366313528,-0.07261324961232009,0.0475518857466386,0.11099699314612266,0.5425159862436729,False
spatiotemporal,0,Blr-Pre,GAT,2.3083730997632483,2.392892645739629,2.06691220106578,2.125183595605885,1.0278425564238913,1.0997862969697543,0.13698771358880324,0.011946645725120386,0.5771134334753153,0.3069262428855637,0.08451954597638078,0.12504106786368285,0.2701871905897516,False
spatiotemporal,0,Blr-Post,RF_lag,1.6166759284572776,1.7730924955693255,1.4890256585598096,1.617537787594907,0.6296377099600419,0.7262427304605754,0.1948021413932799,-0.07123498161529818,0.5862643494566333,0.039599989231429975,0.15641656711204788,0.26603712300857807,0.5466643602252034,False
spatiotemporal,0,Blr-Post,GAT,1.6525899079667508,1.6596589885145239,1.5131113730356938,1.5195976615253448,0.6644903134761195,0.6673012102819507,0.10319409591151163,0.09559079290469297,0.5641514114667726,0.33653329076673266,0.00706908054777311,0.0076033030068186624,0.22761812070003995,False
spatiotemporal,0,Hyd-Pre,RF_lag,1.693103210217856,1.803668732017105,1.522462999775129,1.5993192468970945,0.7407461743173064,0.8339057748695007,0.24558075458934514,0.04388994127202539,0.5649546887836845,0.22091250790639544,0.11056552179924894,0.20169081331731975,0.34404218087728905,False
spatiotemporal,0,Hyd-Pre,GAT,1.604175310488271,1.6652161023009775,1.4045522538468596,1.5016126374165892,0.7749912212366329,0.7197945224251531,0.17421404800676776,0.2876539848274924,0.6371621808358159,0.5974251635166047,0.061040791812706496,-0.11343993682072462,0.0397370173192112,False
spatiotemporal,0,Hyd-Post,RF_lag,1.3110316150167862,1.4875025118687015,1.0637176469531655,1.0461316477502802,0.7663606612646184,1.057483947107936,0.42659551509134297,-0.09179787647753623,0.6751536653448116,0.04518489968797134,0.1764708968519153,0.5183933915688792,0.6299687656568402,False
spatiotemporal,0,Hyd-Post,GAT,1.6916552877882767,1.7670146813416043,1.4510993807354895,1.5201872642625804,0.8694873201669567,0.9007616586259778,0.2618898380367365,0.20783716659510443,0.5457483939524422,0.47458432107738735,0.07535939355332766,0.05405267144163206,0.07116407287505488,False
spatiotemporal,0,Dlh-Pre,RF_lag,2.680112584522463,2.834011366714584,2.534855605147053,2.562265926627358,0.8703508067269445,1.2109557167427345,0.46292118188911535,-0.0396948091903655,0.6405719798097003,0.07438915192703428,0.15389878219212072,0.5026159910794809,0.5661828278826659,False
spatiotemporal,0,Dlh-Pre,GAT,2.8556795991820074,2.975674821660821,2.681774898349223,2.7007304217493293,0.9813202167327064,1.2492781248800642,0.317235638031958,-0.10654128749242986,0.5754544501684156,0.01585118120368674,0.11999522247881345,0.42377692552438784,0.5596032689647288,False
spatiotemporal,0,Dlh-Post,RF_lag,1.3612350799535247,1.6603272129872095,1.2581441153845392,1.4187026639322506,0.519648273180364,0.8625364951916006,0.6822822653769205,0.12465865906196039,0.8033636584522695,0.3677105427926349,0.29909213303368487,0.5576236063149601,0.43565311565963466,False
spatiotemporal,0,Dlh-Post,GAT,1.430004174254183,1.5971851926300773,1.2845351691760754,1.3942139747536204,0.628395844618803,0.7792098126682494,0.5353894261538845,0.28561667881633457,0.7659251593736388,0.45585438341885676,0.16718101837589439,0.24977274733754995,0.31007077595478205,False
spatiotemporal,1,Blr-Pre,RF_lag,1.8158674618407276,2.0572950262444065,1.6231909240422593,1.8603496953776049,0.8140183432077698,0.8783859265257081,0.14416216213073874,0.0034620587147016213,0.46181378667447376,0.08917713866413075,0.24142756440367896,0.14070010341603711,0.372636648010343,False
spatiotemporal,1,Blr-Post,RF_lag,1.795362037477,1.90289302583256,1.694503833640714,1.773565289130733,0.5932803750255761,0.6895419007956048,0.1934063998609279,-0.0895724911650837,0.5371993105054392,0.058234105442707046,0.10753098835555996,0.2829788910260116,0.4789652050627322,False
spatiotemporal,1,Hyd-Pre,RF_lag,1.819505387488725,1.81824776252872,1.6349692260139892,1.5649569962888896,0.7984206191524063,0.9257075811006155,0.25441150290859593,-0.0022668166444399507,0.5594125165229594,0.04765667156638909,-0.0012576249600051437,0.2566783195530359,0.5117558449565703,True
spatiotemporal,1,Hyd-Post,RF_lag,1.577711569742155,1.6944982256970555,1.337520121581548,1.3624710374318099,0.8367877399094327,1.0074705499665773,0.32874650887323276,0.026982480342158666,0.6136110524649273,0.17857558659046818,0.11678665595490045,0.3017640285310741,0.4350354658744591,False
spatiotemporal,2,Blr-Pre,RF_lag,2.074722985155054,2.105865719168176,1.8737314177817779,1.904808890679869,0.8908456876183368,0.8979830272085471,0.013521002380476155,-0.0023494021837833223,0.2645596571049008,0.04740741708902866,0.031142734013122286,0.015870404564259477,0.21715224001587216,False
spatiotemporal,2,Blr-Post,RF_lag,1.5202715871012373,1.713757642663432,1.2797443553256722,1.4770923666123055,0.8206583232743054,0.8690013799085609,0.05406902079011355,-0.0606586152124724,0.33285258286290315,-0.007841870860889931,0.19348605556219467,0.11472763600258595,0.3406944537237931,False
spatiotemporal,2,Hyd-Pre,RF_lag,1.647100568618869,1.5210827007582173,1.531889610284538,1.3642392825174026,0.6051896438694969,0.6727137300385022,0.21423070197699579,0.029104107256043954,0.4504264430018323,0.1679319668064506,-0.12601786786065183,0.18512659472095183,0.2824944761953817,True
spatiotemporal,2,Hyd-Post,RF_lag,1.8663393058093605,1.9931714366330486,1.476198722190432,1.6031035519714492,1.1419543497935027,1.1843949415065798,0.052153041760662266,-0.019609380182352032,0.4726235198434013,0.08920217592955842,0.12683213082368816,0.0717624219430143,0.38342134391384286,False
spatiotemporal,3,Blr-Pre,RF_lag,2.0795143812781194,2.1097422014063425,1.992367817214108,2.0186805389990625,0.595693329551381,0.6131403084623726,-0.02468583893628984,-0.08558790597782462,0.1605531291676659,-0.04955300313888742,0.030227820128223115,0.06090206704153478,0.2101061323065533,False
spatiotemporal,3,Blr-Post,RF_lag,2.8639324498933836,2.949567622963152,2.6124611348044904,2.673878731831727,1.1735228573352774,1.2451191468652523,0.12833091221915116,0.01872584182857706,0.47727399010402594,0.25499350910794855,0.0856351730697682,0.1096050703905741,0.2222804809960774,False
spatiotemporal,3,Hyd-Pre,RF_lag,2.13625615590252,2.13593636898254,1.9531282900445002,1.857737384207299,0.8653786721772498,1.0540569167084572,0.3330917329622154,0.01057734373271213,0.6745199253500513,0.1699352407949527,-0.0003197869199800252,0.32251438922950326,0.5045846845550986,True
spatiotemporal,3,Hyd-Post,RF_lag,1.4687206996157474,1.635263531991587,1.3519413813645422,1.3854729751175754,0.5739294336709905,0.8686492124445023,0.5471182191791324,-0.03742501159685174,0.7405300554993529,0.1244159327233496,0.16654283237583956,0.5845432307759841,0.6161141227760033,False
