mode,fold,config,n_nights,rmse_gap,rmse_gap_lo,rmse_gap_hi,rmse_gap_p_gt0,anom_gap,anom_gap_lo,anom_gap_hi,anom_gap_p_gt0,r2sp_gap,r2sp_gap_lo,r2sp_gap_hi,r2sp_gap_p_gt0
spatial,0,Blr-Pre,46,0.7606275854674371,0.556787301561737,0.976367626464203,1.0,0.20659871452829637,0.14661385768006877,0.2707730901062046,1.0,0.40633042282686405,0.28236351298322193,0.5663082830617212,1.0
spatial,0,Blr-Post,47,0.6998163707311107,0.38673930979800886,1.1367558079925522,1.0,0.10319906913232679,0.05051723113531203,0.1742866723428801,1.0,0.21593699193241178,0.101336283608485,0.4152369807903599,1.0
spatial,0,Hyd-Pre,55,0.575826109842622,0.41996360395053656,0.7534830164719996,1.0,0.21757127069696336,0.18217594303446735,0.24882291223337716,1.0,0.34636719144454975,0.2886034195559742,0.406379337483476,1.0
spatial,0,Hyd-Post,55,0.589422783250151,0.412602456893898,0.7655585358782099,1.0,0.1223153950256648,0.07366507770029844,0.17473489111914317,1.0,0.16647159885469975,0.1009505331205466,0.23996931232522664,1.0
spatial,0,Dlh-Pre,58,1.0934061416646763,0.7898180614105585,1.38418316225394,1.0,0.19481753118013845,0.14317463728095614,0.24460086217040009,1.0,0.21396742372531374,0.1582400231643062,0.2683586937817732,1.0
spatial,0,Dlh-Post,58,0.4644863058337201,0.35591736127761375,0.5948660635417518,1.0,0.16256169135366128,0.11060236107751126,0.22434989295637883,1.0,0.19116451338920315,0.12638447532145514,0.2700447974681747,1.0
spatial,1,Blr-Pre,43,0.5156231510815315,0.31110837922989815,0.7255560777782553,1.0,0.04976595430536346,-0.028455864102473225,0.1348387303810557,0.8875,0.10424890976753931,-0.06379899148173729,0.25441379557563354,0.8875
spatial,1,Blr-Post,46,0.8604035990738251,0.4677566322308572,1.3214336969563583,1.0,0.12969046110974625,0.012400014765063997,0.29860012869633856,0.995,0.26912007968997564,0.031937586428875675,0.4728795724732804,0.995
spatial,1,Hyd-Pre,56,0.49927706030565,0.34725549987302046,0.6745198178997636,1.0,0.148325601611482,0.10738233866096716,0.19377075348443148,1.0,0.2699742411235938,0.19743767014331542,0.3500832394828348,1.0
spatial,1,Hyd-Post,57,0.6119637296851795,0.4088849046965333,0.8515807417552737,1.0,0.13763329187395523,0.10992939269392536,0.16717603855431826,1.0,0.2285475031656261,0.1848971315418135,0.27486329546142557,1.0
spatial,1,Dlh-Pre,58,0.9925550427312998,0.6841093106829653,1.2957444205788493,1.0,0.15956272070215827,0.12374080248624106,0.19886151590353401,1.0,0.17383958313672765,0.13395858764735322,0.2186245531149665,1.0
spatial,2,Blr-Pre,49,0.5887508387338308,0.31423983804801425,0.8642577184984683,1.0,0.09187937238765553,0.010041322212563712,0.16864036162574667,0.9855,0.19704720636842832,0.023672682540778384,0.3221750397210517,0.9855
spatial,2,Blr-Post,47,0.8489558617047984,0.4273030146059274,1.2811732943537928,1.0,0.11314786013862554,0.07555956395074892,0.151178153220104,1.0,0.2644362422631773,0.17672672167195289,0.37472353265221936,1.0
spatial,2,Hyd-Pre,55,0.6141489554506803,0.44589158079580954,0.7908299239739511,1.0,0.1963652983165436,0.16208936312074992,0.23550488775245806,1.0,0.39144154508307216,0.32230618971922687,0.4714146762375788,1.0
spatial,2,Hyd-Post,54,0.5863036537093014,0.39362733696211216,0.8269878025111547,1.0,0.14517017425246936,0.10935230592550389,0.19439353472084564,1.0,0.2635064247429866,0.19055300115983256,0.3533612139077963,1.0
spatial,3,Blr-Pre,48,0.8742786851541926,0.6427520485779349,1.1060785828070563,1.0,0.25021893909628246,0.17278699679764917,0.32299027841411504,1.0,0.540363192036211,0.39416447339401256,0.6764171594452716,1.0
spatial,3,Blr-Post,44,0.7458406656189676,0.39519522141560504,1.1425197191126046,1.0,0.1410388220525457,0.08863599886382116,0.20481703973387533,1.0,0.32358262334226084,0.19673370404331816,0.4941051046269208,1.0
spatial,3,Hyd-Pre,55,0.4650512453895187,0.3055228088956025,0.6525049259073391,1.0,0.10198447584651005,0.0663083712765711,0.13771316417838741,1.0,0.15975171293596524,0.10446194345038061,0.21836641142010688,1.0
spatial,3,Hyd-Post,54,0.4656834920971116,0.24316968767361616,0.705072148533599,1.0,0.016815150542680013,-0.06846456152610571,0.07527036519705642,0.698,0.02373835421343784,-0.10615531806928324,0.10360943461466604,0.698
spatiotemporal,0,Blr-Pre,11,-0.3528487229138437,-0.6848006175728597,0.03012020129065436,0.034,-0.04283512937564882,-0.10901069738804371,0.019898575915459772,0.098,-0.07343059278633846,-0.19058838739767933,0.03443171533620058,0.098
spatiotemporal,0,Blr-Post,10,0.03591397950947295,-0.4222330484078244,0.3992304812254133,0.577,0.03485260351607766,-0.044056584711419475,0.13054044449074376,0.8035,0.09160804548176815,-0.08446430890566688,0.5803832434906947,0.8035
spatiotemporal,0,Hyd-Pre,12,-0.08892789972958504,-0.46620251432625925,0.3585702123298039,0.3465,0.034245046919326505,0.011179632884373281,0.06631676115398812,0.9985,0.07136670658257749,0.020553733462477134,0.15973795100458887,0.9985
spatiotemporal,0,Hyd-Post,12,0.3806236727714907,0.0860849474609467,0.6144448302943452,0.991,0.1031266589023383,0.07565410822602653,0.13500583597211802,1.0,0.16470567705460626,0.12265895240259868,0.2259366946087463,1.0
spatiotemporal,0,Dlh-Pre,16,0.17556701465954427,-0.2207068199913789,0.5493977597906016,0.8245,0.11096941000576177,0.05669136882720126,0.17361796851686628,1.0,0.14568554385715726,0.06758202288816517,0.25907956710752483,1.0
spatiotemporal,0,Dlh-Post,16,0.06876909430065825,-0.46799429423673694,0.6632143014920747,0.6025,0.10874757143843905,0.05884416750807638,0.1836544215177507,1.0,0.14689283922303598,0.07135614903374438,0.2946416095604749,1.0
spatiotemporal,1,Blr-Pre,8,-0.4137819885641434,-0.9327091627005596,0.13186279872314313,0.079,0.03095302842295311,-0.0013351153713576452,0.0792218823824922,0.9675,0.06632388239402265,-0.002846621371486463,0.2489058537331844,0.9675
spatiotemporal,1,Blr-Post,12,-0.18901912007625254,-0.4967868347155847,0.17417417629998144,0.155,-0.061019375975062906,-0.0917696931721215,-0.03705250777434047,0.0,-0.1573852515081806,-0.2382353827026461,-0.09578340667365001,0.0
spatiotemporal,1,Hyd-Pre,12,-0.23452618180892326,-0.6210486606590608,0.30220113509354063,0.191,0.05449222154711164,0.020712892925773836,0.09100295032710176,0.9995,0.1052458561819819,0.03455646308163057,0.21192128730575685,0.9995
spatiotemporal,1,Hyd-Post,12,0.36717573849767815,0.16735022313602335,0.5178981997727147,1.0,0.08690563852785027,0.06070167050152702,0.11565854203253731,1.0,0.14666796514125435,0.09620993259340398,0.21636102716917816,1.0
spatiotemporal,2,Blr-Pre,12,-0.07127309835721718,-0.25652656485321423,0.17538073390152642,0.268,0.028093930631866604,-0.0012052081610805536,0.07018681085612105,0.97,0.06320078068262025,-0.0022079780044440217,0.24818863754782955,0.97
spatiotemporal,2,Blr-Post,12,-0.10120390390922296,-0.29452486983630216,0.09245982681689485,0.1705,0.004735814827460216,-0.015403487020554081,0.022350274387174053,0.734,0.010948965244028552,-0.04584750765618935,0.07056558206194426,0.734
spatiotemporal,2,Hyd-Pre,12,0.1735548738311259,-0.049922516706072506,0.4486868475972876,0.9355,0.10888323589260085,0.06603316790982469,0.1744187747510785,1.0,0.30817991086264473,0.15986989135801924,0.657149167981387,1.0
spatiotemporal,2,Hyd-Post,12,0.04334195576696498,-0.3201777762700389,0.3171453384976833,0.6075,0.044401707149167136,0.016184702098433118,0.07781450706206136,0.9995,0.0751417459585314,0.024293849254940502,0.16601768914262063,0.9995
spatiotemporal,3,Blr-Pre,8,-0.5312683851315192,-1.2177872985830418,0.04138590393278906,0.037,0.01406363307907399,-0.04674734954183433,0.052176195819148216,0.6915,0.04895444079914135,-0.20666613508331177,0.1609315269446784,0.6915
spatiotemporal,3,Blr-Post,8,-0.16269940701359964,-0.4599785886542521,0.10678294731234039,0.1325,-0.018876949601615678,-0.047202131718031275,0.03376501093410812,0.2305,-0.027817289702523618,-0.059726168521609474,0.10262620330909043,0.2305
spatiotemporal,3,Hyd-Pre,11,-0.07380039612603495,-0.47774058700773664,0.2208194866003948,0.3435,0.02138660724825392,-0.014977849990597338,0.05337075105199452,0.8845,0.03337070668416042,-0.025578744093421635,0.08753709155207781,0.8845
spatiotemporal,3,Hyd-Post,9,-0.11174951164510993,-0.3571100709566696,0.2619756194049267,0.232,0.019589565708937773,-0.026449444471853052,0.07245109040799365,0.7775,0.03144346283908517,-0.04135945331880314,0.13739890245172762,0.7775
