mode,config,variant,val_rmse,gat_rmse,gat_level,gat_anom,tree_rmse,tree_level,tree_anom,anom_gap,rmse_gap,level_gt_anom,gat_rmse_gt_oracle
spatial,Blr-Pre,GAT,1.3120808448397767,1.3957917508460902,1.14001049464959,0.8053636966109109,0.6351641653786528,0.2119292646445198,0.5987649820826145,0.20659871452829637,0.7606275854674374,True,True
spatial,Blr-Pre,GATs1,1.4248859131683955,1.5036853880092005,1.2649271825954413,0.8130368803710808,0.6351641653786528,0.2119292646445198,0.5987649820826145,0.21427189828846627,0.8685212226305477,True,True
spatial,Blr-Pre,GATs2,1.4806029336726023,1.562142377920001,1.3284698117576634,0.8218617694856682,0.6351641653786528,0.2119292646445198,0.5987649820826145,0.22309678740305372,0.9269782125413482,True,True
spatial,Blr-Post,GAT,1.5583768849147566,1.5536469406021243,1.3242917474806877,0.8124470343332466,0.8538305698710138,0.475388226510307,0.7092479652009198,0.10319906913232679,0.6998163707311105,True,True
spatial,Hyd-Pre,GAT,1.2994685616975798,1.2702663006587236,0.9621276798685456,0.8293894153049989,0.6944401908161014,0.3285205268306447,0.6118181446080355,0.21757127069696336,0.5758261098426222,True,True
spatial,Hyd-Pre,GATs1,1.333438502792613,1.312579902058951,1.0171218691675181,0.8296560145929512,0.6944401908161014,0.3285205268306447,0.6118181446080355,0.21783786998491572,0.6181397112428496,True,True
spatial,Hyd-Pre,GATs2,1.3389638144842861,1.334656450610274,1.051797059391225,0.8216025724226932,0.6944401908161014,0.3285205268306447,0.6118181446080355,0.20978442781465767,0.6402162597941726,True,True
spatial,Hyd-Post,GAT,1.462900618343608,1.311371854061583,1.0951541217664607,0.7213415205038775,0.7219490708114321,0.4029617374392399,0.5990261254782127,0.1223153950256648,0.589422783250151,True,True
spatial,Dlh-Pre,GAT,1.7949879686486871,1.7538706948847993,1.5430417092348514,0.8337173969261267,0.6604645532201228,0.16739291385842645,0.6388998657459882,0.19481753118013845,1.0934061416646765,True,True
spatial,Dlh-Pre,GATs1,1.8054973604507902,1.7630308037012354,1.5487300238639596,0.8424446141923893,0.6604645532201228,0.16739291385842645,0.6388998657459882,0.20354474844640102,1.1025662504811127,True,True
spatial,Dlh-Pre,GATs2,1.9119770970791927,1.860198667822088,1.615682180806839,0.9219057296656358,0.6604645532201228,0.16739291385842645,0.6388998657459882,0.28300586391964755,1.1997341146019653,True,True
spatial,Dlh-Post,GAT,1.2011564009977123,1.0452275106031101,0.7570338788998161,0.7206942868647379,0.5807412047693898,0.16046293262018918,0.5581325955110766,0.16256169135366128,0.4644863058337203,True,True
spatiotemporal,Blr-Pre,GAT,1.0014576328880913,2.3083730997632483,2.06691220106578,1.0278425564238913,2.661221822677092,2.4363396484529254,1.07067768579954,-0.042835129375648595,-0.3528487229138437,True,True
spatiotemporal,Blr-Pre,GATs1,0.9913191767334432,2.2229112552650525,1.9724710847061728,1.0250328135148192,2.661221822677092,2.4363396484529254,1.07067768579954,-0.045644872284720694,-0.43831056741203955,True,True
spatiotemporal,Blr-Pre,GATs2,1.017285113100695,2.2487411403267505,2.0065114527441823,1.015257852077237,2.661221822677092,2.4363396484529254,1.07067768579954,-0.05541983372230286,-0.4124806823503415,True,True
spatiotemporal,Blr-Post,GAT,1.9986294578103492,1.6525899079667508,1.5131113730356938,0.6644903134761195,1.6166759284572776,1.4890256585598096,0.6296377099600419,0.03485260351607766,0.03591397950947317,True,True
spatiotemporal,Blr-Post,GATs1,1.9945275893876506,1.5812337863372217,1.4469563762384503,0.6376656900894377,1.6166759284572776,1.4890256585598096,0.6296377099600419,0.008027980129395873,-0.03544214212005592,True,True
spatiotemporal,Blr-Post,GATs2,1.9923883879754964,1.6193109673061488,1.4818203218698525,0.652975146947801,1.6166759284572776,1.4890256585598096,0.6296377099600419,0.02333743698775914,0.002635038848871174,True,True
spatiotemporal,Hyd-Pre,GAT,1.4520805318119725,1.604175310488271,1.4045522538468596,0.7749912212366329,1.693103210217856,1.522462999775129,0.7407461743173064,0.034245046919326505,-0.08892789972958504,True,True
spatiotemporal,Hyd-Pre,GATs1,1.5059497818996368,1.649540318743774,1.4724543764055653,0.7435464831235569,1.693103210217856,1.522462999775129,0.7407461743173064,0.0028003088062504844,-0.04356289147408199,True,True
spatiotemporal,Hyd-Pre,GATs2,1.4803706425958834,1.4775020416213893,1.28265568022889,0.7333530452462427,1.693103210217856,1.522462999775129,0.7407461743173064,-0.007393129071063709,-0.21560116859646672,True,True
spatiotemporal,Hyd-Post,GAT,1.8558366329608158,1.6916552877882767,1.4510993807354895,0.8694873201669567,1.3110316150167862,1.0637176469531655,0.7663606612646184,0.1031266589023383,0.38062367277149045,True,True
spatiotemporal,Hyd-Post,GATs1,1.9416092336716493,1.4480119754174339,1.15850816299263,0.8686757261669864,1.3110316150167862,1.0637176469531655,0.7663606612646184,0.10231506490236797,0.13698036040064765,True,True
spatiotemporal,Hyd-Post,GATs2,1.8638128306524413,1.6961485201907192,1.4516341265669528,0.8773130371374667,1.3110316150167862,1.0637176469531655,0.7663606612646184,0.11095237587284823,0.38511690517393293,True,True
spatiotemporal,Dlh-Pre,GAT,2.412818335011514,2.8556795991820074,2.681774898349223,0.9813202167327064,2.680112584522463,2.534855605147053,0.8703508067269445,0.11096941000576188,0.17556701465954427,True,True
spatiotemporal,Dlh-Pre,GATs1,2.901870266940183,2.6307633531281813,2.4441987856454928,0.9730406550660303,2.680112584522463,2.534855605147053,0.8703508067269445,0.10268984833908579,-0.04934923139428182,True,True
spatiotemporal,Dlh-Pre,GATs2,2.470345038343056,2.8931899864863357,2.7117357271697133,1.00848284263846,2.680112584522463,2.534855605147053,0.8703508067269445,0.13813203591151546,0.2130774019638726,True,True
spatiotemporal,Dlh-Post,GAT,2.501368655035226,1.430004174254183,1.2845351691760754,0.628395844618803,1.3612350799535247,1.2581441153845392,0.519648273180364,0.10874757143843905,0.06876909430065825,True,True
spatiotemporal,Dlh-Post,GATs1,2.796997215282461,1.1833921561013991,1.0333801057905072,0.5766650258848014,1.3612350799535247,1.2581441153845392,0.519648273180364,0.0570167527044374,-0.17784292385212552,True,True
spatiotemporal,Dlh-Post,GATs2,2.5114400443652443,1.3977157057444338,1.2563282465068006,0.6125753268895248,1.3612350799535247,1.2581441153845392,0.519648273180364,0.09292705370916077,0.03648062579090916,True,True
