mode,config,model,rmse,level,anom,r2sp,level_bias,level_sd,frac_systematic,corr_levelerr_t2m,corr_levelerr_obslevel,obs_level_sd
spatial,Blr-Pre,GAT,1.3957917508460902,1.14001049464959,0.8053636966109109,0.09149167044539464,0.28838967248400227,1.3477975104183066,0.04377924560517453,0.16542713472831344,-0.6001048861793555,2.1889728740851884
spatial,Blr-Pre,GAT_noPairNorm,0.814558796593961,0.37415364304136,0.7235434226827582,0.2667129500207136,0.06986135582628268,0.41449881855579473,0.027622459465854936,-0.04878951764890005,-0.41654250875057697,2.1889728740851884
spatial,Blr-Pre,GAT_noPrior,1.2687986518988519,1.0150497279248816,0.7612647823851879,0.18826122216622077,0.2627582450918873,1.212070532598834,0.04488612094734164,0.1709234299571313,-0.5257281891959569,2.1889728740851884
spatial,Blr-Pre,RF_lag,0.6351641653786528,0.2119292646445198,0.5987649820826145,0.4978220932722588,-0.011772457129329712,0.2529513366930424,0.002161327648769406,0.24148384873876125,-0.16106308292371022,2.1889728740851884
spatial,Blr-Post,GAT,1.5536469406021243,1.3242917474806877,0.8124470343332466,0.09235970297853557,0.4392255386989716,1.9416889814496021,0.04867913560796101,0.027958366454575685,-0.7988016546884453,2.6652482861810443
spatial,Blr-Post,GAT_noPairNorm,1.0036879699004202,0.6803799489888627,0.7378839108807966,0.25131395946723223,0.12833753491500102,1.0163776527792223,0.015693774323812717,0.21716427941782596,-0.5495684872834408,2.6652482861810443
spatial,Blr-Post,GAT_noPrior,1.5154566187559275,1.2975062101526464,0.7829983384059417,0.15696552554510257,0.4604785795964162,1.8939098602868318,0.05581577935321089,0.09387376439593961,-0.7996366837959462,2.6652482861810443
spatial,Blr-Post,RF_lag,0.8538305698710138,0.475388226510307,0.7092479652009198,0.30829669491094724,0.055679650553867074,0.7231900679207303,0.005892794788365326,0.1868358143742396,-0.49410432347134997,2.6652482861810443
spatial,Hyd-Pre,GAT,1.2702663006587236,0.9621276798685456,0.8293894153049989,0.24015388815913663,0.39513176634928887,1.4712823440906462,0.0672738088915668,0.06558575737640829,-0.6886838180354445,2.4664340423718283
spatial,Hyd-Pre,GAT_noPairNorm,1.0090224367873937,0.41096926027430886,0.9215370557117913,0.06193210041212216,0.1460351058996559,1.1402051087008527,0.016139208358889722,0.05772962989818668,-0.5742753528471802,2.4664340423718283
spatial,Hyd-Pre,GAT_noPrior,1.2410539960589884,0.9817459230919264,0.7592035060682772,0.3633143253335168,0.4996673082626898,1.4577707792690682,0.10513361216889579,0.104160483830822,-0.650356318343938,2.4664340423718283
spatial,Hyd-Pre,RF_lag,0.6944401908161014,0.3285205268306447,0.6118181446080355,0.5865210796036866,0.2893546248169698,0.886735979204657,0.09623393131676601,0.05056020487007725,-0.51965061143628,2.4664340423718283
spatial,Hyd-Post,GAT,1.311371854061583,1.0951541217664607,0.7213415205038775,0.4636528016183409,0.2679220823104911,1.4034542688476797,0.03516210298199433,-0.15759367908985508,-0.6733878026345745,2.4729886462691444
spatial,Hyd-Post,GAT_noPairNorm,1.0861472405020056,0.8117750071543249,0.7216212065964509,0.4632368046753803,0.27517170527426965,1.0457098583264732,0.06476019231020494,-0.1120800910791672,-0.6078047877704261,2.4729886462691444
spatial,Hyd-Post,GAT_noPrior,1.3048736528642633,1.1014729695737027,0.6996088530299017,0.4954842280046817,0.16374832269165965,1.408404228817227,0.013337296054778647,-0.1945318243170995,-0.7018515152682301,2.4729886462691444
spatial,Hyd-Post,RF_lag,0.7219490708114321,0.4029617374392399,0.5990261254782127,0.6301244004730406,0.26559196775246724,0.5479185268179365,0.19025858214776728,-0.2881532656221697,-0.5638561444348561,2.4729886462691444
spatial,Dlh-Pre,GAT,1.7538706948847993,1.5430417092348514,0.8337173969261267,0.48159705181234735,0.24749820218051538,1.7480071884159882,0.0196533832424667,0.0808977397764469,-0.4352333514420341,3.9610188801457897
spatial,Dlh-Pre,GAT_noPairNorm,1.359021025116735,1.0952402960159802,0.8046035301265893,0.5171707162757949,0.14251562878321158,1.276449890256577,0.01231224126410341,0.12862769151236125,-0.3019982249192369,3.9610188801457897
spatial,Dlh-Pre,GAT_noPrior,1.7371640420072212,1.5253106506957197,0.8313641366555731,0.48451942182031305,0.1841282423382832,1.7318334092145184,0.01117755724612094,0.14571111212139418,-0.3722056569959924,3.9610188801457897
spatial,Dlh-Pre,RF_lag,0.6604645532201228,0.16739291385842645,0.6388998657459882,0.6955644755376612,-0.01520250575403333,0.25301377545864856,0.0035973021172119946,0.08232886425598697,-0.01384220879662909,3.9610188801457897
spatial,Dlh-Post,GAT,1.0452275106031101,0.7570338788998161,0.7206942868647379,0.5223833391477701,0.2076245413956984,1.3542415436390953,0.022965453589702048,0.07375545535822538,-0.4778812071413094,2.7642487800883053
spatial,Dlh-Post,GAT_noPairNorm,0.7548877240714981,0.3504884377650487,0.6685905555322045,0.5889470357804056,0.04205138674763045,0.5141009614547836,0.006646114321063952,-0.042816368231183684,-0.34001460842903375,2.7642487800883053
spatial,Dlh-Post,GAT_noPrior,0.9680824745633366,0.6723923879146915,0.6964712156514814,0.5539498868306445,0.19915908590208106,1.1983026908001173,0.026880259808329764,0.0992241171835352,-0.4363573560321382,2.7642487800883053
spatial,Dlh-Post,RF_lag,0.5807412047693898,0.16046293262018918,0.5581325955110766,0.7135478525369733,0.03430068312464359,0.3354169063246905,0.010349455673828313,0.14914203375370055,-0.2544472082925575,2.7642487800883053
spatiotemporal,Blr-Pre,GAT,2.3083730997632483,2.06691220106578,1.0278425564238913,0.13698771358880324,0.2616692355115492,2.5397756015117854,0.010503376998107867,-0.06243716701787916,-0.8810469409917683,2.7230405421063257
spatiotemporal,Blr-Pre,GAT_noPairNorm,2.20132257619029,1.9170046576760462,1.0820879016481977,0.04349141728172978,0.08109675752313024,2.4079489604576634,0.0011329744145037288,-0.036060221311523886,-0.8820857271940737,2.7230405421063257
spatiotemporal,Blr-Pre,GAT_noPrior,2.4127064095889295,2.1861978599407896,1.0206327135957451,0.14905251870734837,-0.07606554428264072,2.622133543965245,0.0008408161141850809,-0.08095381581161336,-0.8839018269182758,2.7230405421063257
spatiotemporal,Blr-Pre,RF_lag,2.661221822677092,2.4363396484529254,1.07067768579954,0.06355712080246556,-0.7870021673793791,2.4781448853759587,0.09161535205201016,-0.22300302348720935,-0.9631264311004208,2.7230405421063257
spatiotemporal,Blr-Post,GAT,1.6525899079667508,1.5131113730356938,0.6644903134761195,0.10319409591151163,1.3491805861953998,2.8921136798311085,0.1787293074039536,-0.42442947175279305,-0.9272189066382122,3.4979382634027867
spatiotemporal,Blr-Post,GAT_noPairNorm,1.5992101322562124,1.4641267457290685,0.6432774825467933,0.15953845186156268,1.4807121267830672,2.8735448861263877,0.2098140622231822,-0.4709638141401978,-0.9401166586829999,3.4979382634027867
spatiotemporal,Blr-Post,GAT_noPrior,1.5698903290944026,1.4435552430193321,0.617012079083974,0.226770379835456,1.4560433533123283,3.049657336398566,0.1856370056472888,-0.49887490255335615,-0.9538170845904389,3.4979382634027867
spatiotemporal,Blr-Post,RF_lag,1.6166759284572776,1.4890256585598096,0.6296377099600419,0.1948021413932799,0.85844125853229,2.946162918775691,0.07825605329232022,-0.5167589538174898,-0.9731158091336743,3.4979382634027867
spatiotemporal,Hyd-Pre,GAT,1.604175310488271,1.4045522538468596,0.7749912212366329,0.17421404800676776,-0.5362957180161609,1.5713736299475383,0.10432753808685703,0.17516441859087226,-0.5373438456419504,2.0478123416032603
spatiotemporal,Hyd-Pre,GAT_noPairNorm,1.4595820578516534,1.2313687671435996,0.7836521823524255,0.1556536716164736,-0.015639027712883724,1.5601689543444488,0.00010046912032960871,0.024455757662422244,-0.6325493619363975,2.0478123416032603
spatiotemporal,Hyd-Pre,GAT_noPrior,1.4524683287992957,1.2442805482749444,0.7492864361174723,0.22808466950920248,-0.328161040665333,1.518406311441209,0.04462437992192065,0.17770545714432287,-0.560565226706352,2.0478123416032603
spatiotemporal,Hyd-Pre,RF_lag,1.693103210217856,1.522462999775129,0.7407461743173064,0.24558075458934514,-0.5082064023262847,1.4983372294740065,0.10317379649063815,-0.5047138218140939,-0.9510679321781003,2.0478123416032603
spatiotemporal,Hyd-Post,GAT,1.6916552877882767,1.4510993807354895,0.8694873201669567,0.2618898380367365,0.6569486850057903,1.280457466559952,0.2083774573399423,-0.8107102972734835,-0.9113893854905525,2.3297088955066934
spatiotemporal,Hyd-Post,GAT_noPairNorm,1.5693077211825424,1.2976506613930199,0.8825131640657845,0.23960883336645666,0.6488721081600893,1.108168450020168,0.25531628056324923,-0.7483926902972458,-0.8907378949155228,2.3297088955066934
spatiotemporal,Hyd-Post,GAT_noPrior,1.63928290332468,1.3960634413922033,0.8592178447522784,0.27922244414533637,0.5872737923504335,1.2557824078725413,0.17945475981999692,-0.799127019275099,-0.8956213410800768,2.3297088955066934
spatiotemporal,Hyd-Post,RF_lag,1.3110316150167862,1.0637176469531655,0.7663606612646184,0.42659551509134297,-0.1415414788192164,1.1312727218209515,0.015412991126293574,-0.6276019210815713,-0.7944428788130685,2.3297088955066934
spatiotemporal,Dlh-Pre,GAT,2.8556795991820074,2.681774898349223,0.9813202167327064,0.317235638031958,0.3013979275787823,2.9255411079608598,0.010502263698179902,0.1940491244144994,-0.5560304366186748,3.446134541835836
spatiotemporal,Dlh-Pre,GAT_noPairNorm,3.3206752963065225,3.1552491942152128,1.0350299251251918,0.24045210405557127,1.4958568803544297,3.119601384961452,0.18694078223204713,0.31708675678871917,-0.41910516290362804,3.446134541835836
spatiotemporal,Dlh-Pre,GAT_noPrior,2.986451731032817,2.8316181268706466,0.9491220813817787,0.3613050137820981,-0.06469917734878798,3.0570702146598587,0.00044770527398526797,0.2093839353345455,-0.5391762105811776,3.446134541835836
spatiotemporal,Dlh-Pre,RF_lag,2.680112584522463,2.534855605147053,0.8703508067269445,0.46292118188911535,0.3302160290126401,2.7396479954794364,0.014319990111614276,-0.06401230513617812,-0.7467562336626103,3.446134541835836
spatiotemporal,Dlh-Post,GAT,1.430004174254183,1.2845351691760754,0.628395844618803,0.5353894261538845,0.9705410557587477,0.9317705076987816,0.520372293984872,-0.6310011476296018,-0.7405807696968079,2.6148593738414743
spatiotemporal,Dlh-Post,GAT_noPairNorm,0.904562983036786,0.695293125336251,0.5786204802291024,0.606078138779925,-0.057514983145638576,0.7208202089564018,0.006326330370195635,0.23699902424251373,0.23356441922384452,2.6148593738414743
spatiotemporal,Dlh-Post,GAT_noPrior,1.4039920952038147,1.2308024340158137,0.6755140056398135,0.463102729548837,0.9049425956108774,0.8817640609458692,0.5129705872291174,-0.5030630661925812,-0.6216692541324029,2.6148593738414743
spatiotemporal,Dlh-Post,RF_lag,1.3612350799535247,1.2581441153845392,0.519648273180364,0.6822822653769205,-0.4856111260883436,1.112063711018446,0.16014773997070503,-0.6076766661620034,-0.6806907906905921,2.6148593738414743
