k,seed,rmse,spatial_r
0,10,1.7678413391113281,0.673565008519514
0,11,1.796786904335022,0.6843762014648752
0,12,1.7294403314590454,0.7002489620431429
4,10,1.6922504901885986,0.7023447536591294
4,11,1.7537503242492676,0.7078903141205274
4,12,1.6911755800247192,0.7137036024766984
8,10,1.6975233554840088,0.6998479140880925
8,11,1.740311861038208,0.7162352329385989
8,12,1.7327532768249512,0.7114450458415343
16,10,1.7153031826019287,0.7075509048481806
16,11,1.7439523935317993,0.7213962897629368
16,12,1.7302868366241455,0.7202677359370243
