city,month,arm,kind,rmse,mae,r2,res_std_c,collapse,rBldg,rVeg,r_res_landsat,gap_frac,spatial_sd,n_nodes,n_time,alpha,gamma,spatial_r_mean,spatial_r_median,spatial_spread_ratio,actual_spatial_sd,pred_spatial_sd
Bangalore,April,Full,PhyRes,1.3509861593772823,0.8937729001045227,0.6458912491798401,0.5589957237243652,0.488085371624628,0.7751044823238221,-0.7472199607278386,0.3772004617243206,0.23996570805081444,0.8345690369606018,329,78,1.0,0.03,0.559894242104941,0.6689653542188762,0.6679301857948303,0.8449430465698242,0.5643629431724548
Bangalore,April,NoAtmos,PhyRes,2.2583417965025405,1.860098958015442,0.010503649711608887,0.38644787669181824,0.43158287786551425,0.8347791006594115,-0.8069874771870481,0.2765531404859286,0.23996570805081444,0.8345690369606018,329,78,1.0,0.03,0.46070655016078566,0.5803711448894588,0.44370800256729126,0.8449430465698242,0.3749080002307892
Bangalore,April,NoMorph,PhyRes,1.2028248895654725,0.7996553182601929,0.7193017899990082,0.6279520988464355,15.88498984236975,0.17035525542681143,-0.1108595704887219,0.2549062813517578,0.23996570805081444,0.8345690369606018,329,78,1.0,0.03,0.3831614885611941,0.4041808907732603,0.5526572465896606,0.8449430465698242,0.46696388721466064
Bangalore,April,NoGraph,NoGraph,1.0893802545960243,0.6895695328712463,0.7697530686855316,0.7103399634361267,10.082238801830524,0.6266416314413734,-0.58561636264202,0.390167449636354,0.23996570805081444,0.8345690369606018,329,78,1.0,0.03,0.5736875668453096,0.6577542859921885,0.6439034938812256,0.8449430465698242,0.5440617799758911
Bangalore,December,Full,PhyRes,1.4872353550761728,0.8122813105583191,0.5595996677875519,0.65487140417099,0.34581883242756223,0.7301303605916473,-0.6354550710553626,0.1777658701843295,0.2994947672320462,0.752872884273529,326,85,1.0,0.03,0.6345562632240306,0.796025468683989,0.7495673298835754,0.8527818918228149,0.6392174363136292
Bangalore,December,NoAtmos,PhyRes,2.2158392497262613,1.6997250318527222,0.022391974925994873,0.5017743706703186,0.7522299466079768,0.8563344879575401,-0.8012989699807731,0.25415752039400563,0.2994947672320462,0.752872884273529,326,85,1.0,0.03,0.6060974020401481,0.7402255951814375,0.5815181732177734,0.8527818918228149,0.4959081709384918
Bangalore,December,NoMorph,PhyRes,1.5048360749251861,0.7474046945571899,0.5491141080856323,0.5138893127441406,17.566869343504493,0.1326366140156146,-0.12859772830029148,0.08831695009847984,0.2994947672320462,0.752872884273529,326,85,1.0,0.03,0.3479656506972747,0.4348084047754404,0.4729081094264984,0.8527818918228149,0.40328747034072876
Bangalore,December,NoGraph,NoGraph,1.493715392793205,0.7804595232009888,0.5557535290718079,0.5309178829193115,9.87418914374746,0.7925289346823899,-0.7249365521557177,0.21499697208128898,0.2994947672320462,0.752872884273529,326,85,1.0,0.03,0.5920850884700015,0.7281732747445987,0.5855219960212708,0.8527818918228149,0.4993225634098053
Hyderabad,April,Full,PhyRes,1.1463606343598902,0.7498874068260193,0.773361936211586,0.7100681662559509,0.4016300843928052,0.6064818736507208,-0.5842851622604288,0.17293581100821198,0.1511484823625923,0.965858519077301,477,92,1.0,0.03,0.6625868541280191,0.7834074453913975,0.7631874680519104,0.9514708518981934,0.726150631904602
Hyderabad,April,NoAtmos,PhyRes,2.353483207764295,1.8368144035339355,0.04475986957550049,0.6228463649749756,0.5067922323095527,0.7544121026340739,-0.7190474628185665,0.24076704007366964,0.1511484823625923,0.965858519077301,477,92,1.0,0.03,0.5742114183027915,0.7080779412372279,0.6534918546676636,0.9514708518981934,0.6217784881591797
Hyderabad,April,NoMorph,PhyRes,1.047728176620566,0.7215241193771362,0.8106838911771774,0.700978696346283,8.411059308458459,0.22779213587865899,-0.2602963850551808,0.03580142328624476,0.1511484823625923,0.965858519077301,477,92,1.0,0.03,0.5742537569304766,0.6683531556818492,0.6626226305961609,0.9514708518981934,0.630466103553772
Hyderabad,April,NoGraph,NoGraph,1.1035088733027691,0.7243875861167908,0.7899890244007111,0.781586229801178,4.526796632721513,0.5582801850894763,-0.5466760155048109,0.16456618058176928,0.1511484823625923,0.965858519077301,477,92,1.0,0.03,0.632969384057181,0.7631853316991617,0.8051809072494507,0.9514708518981934,0.766106128692627
Hyderabad,December,Full,PhyRes,1.1793381634788156,0.8015711307525635,0.7665475606918335,0.7899484634399414,0.31836289598140866,0.5913362819009487,-0.6107352750902185,0.39215010458565147,0.17467948717948717,1.0226951837539673,480,104,1.0,0.03,0.7735651183076627,0.8441518502087375,0.8010174036026001,0.9849580526351929,0.788968563079834
Hyderabad,December,NoAtmos,PhyRes,2.3674003077366392,1.9829187393188477,0.05926978588104248,0.7494809031486511,0.2663187102880329,0.7623969740295434,-0.7832058091375159,0.39533052446426,0.17467948717948717,1.0226951837539673,480,104,1.0,0.03,0.6906437442599906,0.7723891173954751,0.7509003281593323,0.9849580526351929,0.7396053075790405
Hyderabad,December,NoMorph,PhyRes,1.145994741457713,0.7802382111549377,0.7795617580413818,0.7663541436195374,7.887082144618034,0.3170295940200207,-0.35151428913835187,0.1803495848717509,0.17467948717948717,1.0226951837539673,480,104,1.0,0.03,0.6873566087865896,0.7532535059756237,0.7038002610206604,0.9849580526351929,0.6932137608528137
Hyderabad,December,NoGraph,NoGraph,0.9367324229969309,0.6267867088317871,0.852716937661171,0.8684651851654053,6.630027569830418,0.49068505885741676,-0.5235206106507049,0.36800061464838846,0.17467948717948717,1.0226951837539673,480,104,1.0,0.03,0.7420885777137659,0.8025426657979742,0.7609846591949463,0.9849580526351929,0.7495379447937012
Delhi,April,Full,PhyRes,1.7169815675860285,1.1542404890060425,0.8278447091579437,0.9178754687309265,1.0316201949115986,0.8044936337711033,-0.7614340066438136,0.18824657808692147,0.11659973226238286,1.2036315202713013,830,108,1.0,0.03,0.7001304681317885,0.806365380010008,0.7830927968025208,1.1579371690750122,0.9067723155021667
Delhi,April,NoAtmos,PhyRes,4.072288575325017,3.3798248767852783,0.031574547290802,0.8057599663734436,1.391833434956005,0.8404831053208308,-0.7695699630231472,0.15890137958348316,0.11659973226238286,1.2036315202713013,830,108,1.0,0.03,0.6964648276460049,0.8214707094843415,0.6967110633850098,1.1579371690750122,0.8067476749420166
Delhi,April,NoMorph,PhyRes,1.6081920831878953,1.0854092836380005,0.8489693850278854,0.9389399886131287,7.8459675173060255,0.3363373730751206,-0.30646035957901824,0.075742836142993,0.11659973226238286,1.2036315202713013,830,108,1.0,0.03,0.5127403509675513,0.5591580602102307,0.6355771422386169,1.1579371690750122,0.7359583973884583
Delhi,April,NoGraph,NoGraph,1.5242205050334672,1.0082695484161377,0.8643297106027603,0.9266352653503418,29.13671513625349,0.7886915522766984,-0.7295150478775302,0.2079418306655001,0.11659973226238286,1.2036315202713013,830,108,1.0,0.03,0.6846046216714141,0.7809254855134128,0.7712311148643494,1.1579371690750122,0.8930371999740601
Delhi,December,Full,PhyRes,1.003735063852652,0.6875002384185791,0.8596823066473007,0.9012114405632019,0.4891898502632607,0.7427775288998079,-0.7705903726202011,0.08947043559110208,0.19489219416580192,1.0882313251495361,826,105,1.0,0.03,0.746832580368844,0.8559870491421732,0.8561802506446838,1.042824387550354,0.8928456902503967
Delhi,December,NoAtmos,PhyRes,2.5679633353756235,2.0267040729522705,0.08155769109725952,0.7679013013839722,2.3134798346327083,0.7847719781886311,-0.7813407137739216,0.03535401089202573,0.19489219416580192,1.0882313251495361,826,105,1.0,0.03,0.714620095850802,0.8278300508307508,0.7220823764801025,1.042824387550354,0.7530051469802856
Delhi,December,NoMorph,PhyRes,1.0121459648087692,0.7354013323783875,0.8573208302259445,0.8486539125442505,7.12687940438195,0.4232825047554385,-0.49239242894259166,0.22440702942372884,0.19489219416580192,1.0882313251495361,826,105,1.0,0.03,0.6102278716933717,0.6996848399758142,0.7294352054595947,1.042824387550354,0.7606728672981262
Delhi,December,NoGraph,NoGraph,0.9254041781063007,0.6413597464561462,0.8807283714413643,0.8780373930931091,17.551104634041245,0.7537634150255553,-0.7539042889455086,0.06623567353416826,0.19489219416580192,1.0882313251495361,826,105,1.0,0.03,0.6986129713967534,0.7958127333156237,0.8144455552101135,1.042824387550354,0.8493237495422363
