config,model,rmse,rmse_level,rmse_anom,spread_ratio,sd_obs,sd_pred,n_nights,selected
Bangalore_April,oracle (level only),0.8449430146718755,0.0,0.8449430146718755,0.0,0.7218879461288452,0.0,65,
Bangalore_April,RandomForest plain,0.6441283173760074,0.18205006472396315,0.6178665415602688,0.7584226539662673,0.7218879461288452,0.531987586328516,65,leaf1
Bangalore_April,RandomForest +lag,0.6109342937061464,0.17830032547313107,0.5843369791159922,0.7609253202361416,0.7218879461288452,0.5350376537052344,65,leaf1
Bangalore_April,HistGBR plain,0.6586204891072955,0.18352206789958125,0.632535057736561,0.7893602628323036,0.7218879461288452,0.5744434641401186,65,it800_lr0.03
Bangalore_April,HistGBR +lag,0.6437709506998451,0.18017599029742395,0.6180434042082522,0.8215714925415422,0.7218879461288452,0.5963028564155594,65,it800_lr0.03
Bangalore_December,oracle (level only),0.8527818663434605,0.0,0.8527818663434605,0.0,0.6942116022109985,0.0,73,
Bangalore_December,RandomForest plain,0.7682279529531049,0.3147287055229913,0.7007995645106666,0.6126330701659717,0.6942116022109985,0.45947995837924704,73,leaf8
Bangalore_December,RandomForest +lag,0.7291435820355737,0.3017891371219537,0.6637572447354937,0.6543312338751064,0.6942116022109985,0.4854851259709149,73,leaf2
Bangalore_December,HistGBR plain,0.7222750334101294,0.27331189144197865,0.6685670002954167,0.6989317120913383,0.6942116022109985,0.5447497766479981,73,it200_lr0.06
Bangalore_December,HistGBR +lag,0.7214645677642805,0.2791328185967899,0.6652788829667687,0.7303407995035457,0.6942116022109985,0.5610618080377597,73,it800_lr0.03
Hyderabad_April,oracle (level only),0.9514707996162916,0.0,0.9514707996162916,0.0,0.8714539408683777,0.0,85,
Hyderabad_April,RandomForest plain,0.8267659157437011,0.44630497884072795,0.695955275357187,0.6401077858040515,0.8714539408683777,0.5358689418500562,85,leaf1
Hyderabad_April,RandomForest +lag,0.7593793069240427,0.3933130118699515,0.6495858730593107,0.6681981223268799,0.8714539408683777,0.5737586501793844,85,leaf1
Hyderabad_April,HistGBR plain,0.824256783647928,0.42745921483194704,0.7047537619941325,0.6825841224768914,0.8714539408683777,0.5814377171280063,85,it800_lr0.03
Hyderabad_April,HistGBR +lag,0.7709649211773404,0.37311381184967274,0.6746650969873792,0.7390341356998991,0.8714539408683777,0.6379024271246282,85,it400_lr0.06
Hyderabad_December,oracle (level only),0.9849580745587093,0.0,0.9849580745587093,0.0,0.9819527864456177,0.0,94,
Hyderabad_December,RandomForest plain,0.8278793194172408,0.47014068961721955,0.6814337087971206,0.6504219559472115,0.9819527864456177,0.634295994770563,94,leaf1
Hyderabad_December,RandomForest +lag,0.7172689886914758,0.40699521055908544,0.5906180667067832,0.7519698564525502,0.9819527864456177,0.7309516285579166,94,leaf1
Hyderabad_December,HistGBR plain,0.8065259396179467,0.43384020649866045,0.6799020271346538,0.6908924822922621,0.9819527864456177,0.6722402623519097,94,it800_lr0.03
Hyderabad_December,HistGBR +lag,0.7148361058144233,0.38493004213634663,0.6023450181057695,0.8383406089437052,0.9819527864456177,0.82007622195747,94,it400_lr0.06
Delhi_April,oracle (level only),1.157937251444729,0.0,1.157937251444729,0.0,1.1138958930969238,0.0,103,
Delhi_April,RandomForest plain,0.7572740029360606,0.17616541944763608,0.7364982420302463,0.7668984489852702,1.1138958930969238,0.8423566104981338,103,leaf2
Delhi_April,RandomForest +lag,0.7213469659946725,0.19367725480674014,0.6948601055753915,0.8051961043479032,1.1138958930969238,0.8789251569624353,103,leaf2
Delhi_April,HistGBR plain,0.7881971553803787,0.17324174927385838,0.7689226567466031,0.7940216096478696,1.1138958930969238,0.8829191742965861,103,it800_lr0.03
Delhi_April,HistGBR +lag,0.7625262690683922,0.19868428100433755,0.7361867069576519,0.8655766810741709,1.1138958930969238,0.95216393522258,103,it400_lr0.06
Delhi_December,oracle (level only),1.0428243978884204,0.0,1.0428243978884204,0.0,0.9865937232971191,0.0,96,
Delhi_December,RandomForest plain,0.6684558572172353,0.17549268234350868,0.64500817939923,0.7677378742597614,0.9865937232971191,0.7574140905883319,96,leaf8
Delhi_December,RandomForest +lag,0.6134083329178021,0.18558015118623977,0.5846621164216897,0.7675666520009504,0.9865937232971191,0.7617923745799976,96,leaf8
Delhi_December,HistGBR plain,0.6867582136834316,0.15375498755131445,0.6693252183092708,0.7923866241382866,0.9865937232971191,0.7818295423341857,96,it800_lr0.03
Delhi_December,HistGBR +lag,0.6030415036872497,0.15032719096963681,0.5840041017189499,0.8622375391364879,0.9865937232971191,0.8499471699069341,96,it800_lr0.03
