mode,config,sensor,n_passes,tree_rmse,tree_anom,graph_rmse,graph_anom,oracle,anom_gap
spatial,Blr-Pre,Terra,34,0.6216564852550964,0.5789116178011628,1.4624926306503208,0.79575080061374,0.8236453277512276,0.2168391828125772
spatial,Blr-Pre,Aqua,31,0.6480156128699526,0.6174390610896727,1.3277961075767473,0.8145927841103892,0.8651297729408652,0.19715372302071643
spatial,Blr-Post,Terra,38,1.083234230015471,0.8813536250136125,1.5390901668311079,0.9751767845045034,1.0290469382565433,0.09382315949089093
spatial,Blr-Post,Aqua,35,0.4607020861011507,0.429736042669273,1.5704060580143262,0.5672461925038136,0.5843687575064012,0.13751014983454057
spatial,Hyd-Pre,Terra,42,0.5119502763662205,0.44516773512256935,1.0523857823424203,0.6700207483777103,0.7487993289586999,0.22485301325514095
spatial,Hyd-Pre,Aqua,43,0.8400925068131088,0.7437420613224568,1.4585428274308254,0.9646172560927999,1.1203324074830585,0.22087519477034312
spatial,Hyd-Post,Terra,48,0.63664525968801,0.5601961151126119,1.046187759071942,0.7514460964958496,1.005313936018291,0.19124998138323768
spatial,Hyd-Post,Aqua,46,0.7982521845824567,0.635519349620852,1.5314823177069354,0.6898960850343687,0.9641547364260317,0.05437673541351673
spatial,Dlh-Pre,Terra,53,0.5946170165565564,0.5746244369516004,1.4838372293511168,0.7753935552787374,1.0965328293579801,0.20076911832713706
spatial,Dlh-Pre,Aqua,50,0.7194352717161608,0.6964150168520458,1.9841655540945802,0.8874072580810244,1.215370932822609,0.19099224122897862
spatial,Dlh-Post,Terra,49,0.5187329281123692,0.4976104413211721,0.9924176303077284,0.6570931626160941,0.9598694228492551,0.15948272129492197
spatial,Dlh-Post,Aqua,47,0.6397635239438089,0.6156508479947354,1.0982721350659328,0.7822986042056577,1.123843932611006,0.16664775621092232
spatiotemporal,Blr-Pre,Terra,9,3.0055991054471356,1.0337955547735058,2.3995439475347298,1.0604956133968768,1.059894995897902,0.026700058623370992
spatiotemporal,Blr-Pre,Aqua,6,2.1360694376877243,1.116490263227596,2.1850586146584923,0.9840884278762095,1.1637233180009332,-0.1324018353513864
spatiotemporal,Blr-Post,Terra,8,1.40941148823148,0.6678250733724669,1.2908598485497162,0.6868093182436551,0.7493013207221527,0.018984244871188216
spatiotemporal,Blr-Post,Aqua,2,2.4900688456682527,0.33630128370242945,2.969848889506088,0.5187213166665434,0.3117813932287577,0.18242003296411397
spatiotemporal,Hyd-Pre,Terra,9,1.777341762313153,0.4971127257135295,1.2481545364660542,0.6100622353932442,0.6540616183468276,0.11294950967971473
spatiotemporal,Hyd-Pre,Aqua,11,1.6271581483329158,0.8801017300168109,1.825907610781941,0.8784647778232398,0.9755268199790806,-0.001636952193571073
spatiotemporal,Hyd-Post,Terra,12,1.483559100820623,0.8359704233990227,1.2329189146686823,0.8439727063109315,1.037181727775072,0.008002282911908742
spatiotemporal,Hyd-Post,Aqua,11,1.1111640452751796,0.6894301755919259,2.051536209242549,0.8943743745230016,0.9861744679178025,0.20494419893107574
spatiotemporal,Dlh-Pre,Terra,16,2.7661500363339546,0.7693172087426293,2.7269862317827394,0.9258382949555181,1.1011265923762243,0.15652108621288874
spatiotemporal,Dlh-Pre,Aqua,14,2.595593514276522,0.9566358563635224,2.9729743856159954,1.0313484523021683,1.264433282513917,0.07471259593864588
spatiotemporal,Dlh-Post,Terra,13,1.479073447444927,0.4637764273722615,1.3669309517124568,0.6331553431494688,0.8706037963914219,0.16937891577720726
spatiotemporal,Dlh-Post,Aqua,12,1.1834154971188167,0.5867856189681944,1.5110952777752693,0.6219034096416851,0.9870428694453047,0.035117790673490745
