config,mode,fold,model,val_rmse,best_epoch,epochs_run,minutes,selected
Blr-Pre,spatial,0,RF_lag,0.781945836112933,-1,-1,1.1459143837292989,leaf1
Blr-Pre,spatial,0,RF_plain,0.8754648708128786,-1,-1,0.7178138891855875,leaf8
Blr-Pre,spatial,0,RF_noStatic,1.0939563318763392,-1,-1,0.3182038426399231,leaf1
Blr-Pre,spatial,0,GAT,1.3120808448397767,88,128,2.1990333676338194,fixed
Blr-Pre,spatial,0,GAT_noStatic,1.3404347890248267,54,94,1.59021235704422,fixed
Blr-Pre,spatial,0,GAT_noPairNorm,0.7839548555285112,87,127,1.8958073019981385,fixed
Blr-Pre,spatial,0,GAT_noPrior,1.1822655161733133,196,200,3.026742708683014,fixed
Blr-Pre,spatiotemporal,0,RF_lag,1.807182153750131,-1,-1,0.5369730631510417,leaf8
Blr-Pre,spatiotemporal,0,RF_plain,1.9587457232292014,-1,-1,0.44868295192718505,leaf1
Blr-Pre,spatiotemporal,0,RF_noStatic,2.2387121737320497,-1,-1,0.1837570071220398,leaf8
Blr-Pre,spatiotemporal,0,GAT,1.0014576328880913,12,52,0.4486556887626648,fixed
Blr-Pre,spatiotemporal,0,GAT_noStatic,1.208254509058265,8,48,0.39547287225723265,fixed
Blr-Pre,spatiotemporal,0,GAT_noPairNorm,1.2565802662797618,1,41,0.33056747913360596,fixed
Blr-Pre,spatiotemporal,0,GAT_noPrior,1.1846535249392365,9,49,0.34720076322555543,fixed
Blr-Post,spatial,0,RF_lag,0.7267207493099055,-1,-1,0.800876772403717,leaf1
Blr-Post,spatial,0,RF_plain,0.7272935961298949,-1,-1,0.6500835140546163,leaf1
Blr-Post,spatial,0,RF_noStatic,0.8368674287017643,-1,-1,0.28861547311147057,leaf1
Blr-Post,spatial,0,GAT,1.5583768849147566,86,126,2.3311723709106444,fixed
Blr-Post,spatial,0,GAT_noStatic,1.4847579058093483,200,200,3.744212051232656,fixed
Blr-Post,spatial,0,GAT_noPairNorm,0.9903512636037695,197,200,3.3342768867810566,fixed
Blr-Post,spatial,0,GAT_noPrior,1.5720997328333925,183,200,3.3432015776634216,fixed
Blr-Post,spatiotemporal,0,RF_lag,2.257005227093703,-1,-1,0.5248282233874003,leaf1
Blr-Post,spatiotemporal,0,RF_plain,2.2337592432069946,-1,-1,0.4315004905064901,leaf8
Blr-Post,spatiotemporal,0,RF_noStatic,2.292391839119126,-1,-1,0.19838430484135947,leaf8
Blr-Post,spatiotemporal,0,GAT,1.9986294578103492,2,42,0.4584349791208903,fixed
Blr-Post,spatiotemporal,0,GAT_noStatic,1.9795235452288005,15,55,0.584683628877004,fixed
Blr-Post,spatiotemporal,0,GAT_noPairNorm,2.002097288373241,2,42,0.3895459254582723,fixed
Blr-Post,spatiotemporal,0,GAT_noPrior,1.9902661353618818,15,55,0.5029828270276387,fixed
Hyd-Pre,spatial,0,RF_lag,0.744388650172836,-1,-1,1.472300612926483,leaf1
Hyd-Pre,spatial,0,RF_plain,0.7798384930491767,-1,-1,1.2754441420237224,leaf2
Hyd-Pre,spatial,0,RF_noStatic,0.8855150811908998,-1,-1,0.5966606338818868,leaf8
Hyd-Pre,spatial,0,GAT,1.2994685616975798,89,129,2.8297162612279254,fixed
Hyd-Pre,spatial,0,GAT_noStatic,1.4102692200739724,49,89,1.919709293047587,fixed
Hyd-Pre,spatial,0,GAT_noPairNorm,0.9859670973304688,178,200,3.7756262262662252,fixed
Hyd-Pre,spatial,0,GAT_noPrior,1.2818234563658153,67,107,2.0029145518938702,fixed
Hyd-Pre,spatiotemporal,0,RF_lag,1.9092618198926932,-1,-1,0.8714300036430359,leaf8
Hyd-Pre,spatiotemporal,0,RF_plain,1.864353932875834,-1,-1,0.7019432187080383,leaf8
Hyd-Pre,spatiotemporal,0,RF_noStatic,1.9196773318481486,-1,-1,0.33694352706273395,leaf1
Hyd-Pre,spatiotemporal,0,GAT,1.4520805318119725,51,91,1.0181001742680869,fixed
Hyd-Pre,spatiotemporal,0,GAT_noStatic,1.5978798632568165,24,64,0.7308752298355102,fixed
Hyd-Pre,spatiotemporal,0,GAT_noPairNorm,1.2329449535967056,34,74,0.7557160496711731,fixed
Hyd-Pre,spatiotemporal,0,GAT_noPrior,1.4343472633098215,16,56,0.5383164842923482,fixed
Hyd-Post,spatial,0,RF_lag,0.8292583752281114,-1,-1,1.5502653479576112,leaf1
Hyd-Post,spatial,0,RF_plain,0.8677893843111879,-1,-1,1.3989176313082377,leaf1
Hyd-Post,spatial,0,RF_noStatic,0.9930857750905175,-1,-1,0.6445000886917114,leaf2
Hyd-Post,spatial,0,GAT,1.462900618343608,17,57,1.4030962268511453,fixed
Hyd-Post,spatial,0,GAT_noStatic,1.498251354762843,23,63,1.5450105309486388,fixed
Hyd-Post,spatial,0,GAT_noPairNorm,1.3331208253564646,193,200,4.140153197447459,fixed
Hyd-Post,spatial,0,GAT_noPrior,1.4524243597654334,21,61,1.2878542264302573,fixed
Hyd-Post,spatiotemporal,0,RF_lag,1.796703521895544,-1,-1,0.9214733203252157,leaf8
Hyd-Post,spatiotemporal,0,RF_plain,1.8116069401332995,-1,-1,0.8324818054835001,leaf8
Hyd-Post,spatiotemporal,0,RF_noStatic,1.9174140770046229,-1,-1,0.36983643770217894,leaf8
Hyd-Post,spatiotemporal,0,GAT,1.8558366329608158,1,41,0.5039634307225546,fixed
Hyd-Post,spatiotemporal,0,GAT_noStatic,1.9315864503455316,1,41,0.5155143698056539,fixed
Hyd-Post,spatiotemporal,0,GAT_noPairNorm,1.9215964974780293,1,41,0.46899662017822263,fixed
Hyd-Post,spatiotemporal,0,GAT_noPrior,1.8580194146362723,1,41,0.4425390442212423,fixed
Dlh-Pre,spatial,0,RF_lag,0.8080925903213688,-1,-1,4.1839338382085165,leaf2
Dlh-Pre,spatial,0,RF_plain,0.8869335519879339,-1,-1,3.5644038319587708,leaf2
Dlh-Pre,spatial,0,RF_noStatic,1.525581217944708,-1,-1,1.5215519547462464,leaf8
Dlh-Pre,spatial,0,GAT,1.7949879686486871,151,191,4.9855461597442625,fixed
Dlh-Pre,spatial,0,GAT_noStatic,1.9349064310223156,76,116,3.018610652287801,fixed
Dlh-Pre,spatial,0,GAT_noPairNorm,1.4257592051615224,181,200,4.5405781984329225,fixed
Dlh-Pre,spatial,0,GAT_noPrior,1.763036449910206,97,137,3.17048423687617,fixed
Dlh-Pre,spatiotemporal,0,RF_lag,3.7301519929193936,-1,-1,2.336600387096405,leaf2
Dlh-Pre,spatiotemporal,0,RF_plain,3.6259167648083728,-1,-1,1.940155772368113,leaf2
Dlh-Pre,spatiotemporal,0,RF_noStatic,3.4979605708748824,-1,-1,0.8040830930074055,leaf2
Dlh-Pre,spatiotemporal,0,GAT,2.412818335011514,3,43,0.5689459721247355,fixed
Dlh-Pre,spatiotemporal,0,GAT_noStatic,2.65767580530889,3,43,0.563351587454478,fixed
Dlh-Pre,spatiotemporal,0,GAT_noPairNorm,2.270066076311976,1,41,0.47947647571563723,fixed
Dlh-Pre,spatiotemporal,0,GAT_noPrior,2.374843866914751,3,43,0.45767505566279093,fixed
Dlh-Post,spatial,0,RF_lag,0.6739022136470112,-1,-1,3.503314812978109,leaf1
Dlh-Post,spatial,0,RF_plain,0.8618155081908688,-1,-1,3.02949728568395,leaf2
Dlh-Post,spatial,0,RF_noStatic,1.6038935844572595,-1,-1,1.3516513546307882,leaf8
Dlh-Post,spatial,0,GAT,1.2011564009977123,76,116,2.9465988794962565,fixed
Dlh-Post,spatial,0,GAT_noStatic,1.3704840626570125,27,67,1.6812990705172222,fixed
Dlh-Post,spatial,0,GAT_noPairNorm,0.9081120157399976,153,193,4.303927870591481,fixed
Dlh-Post,spatial,0,GAT_noPrior,1.1245702591072877,104,144,3.2203319946924847,fixed
Dlh-Post,spatiotemporal,0,RF_lag,3.078542436138884,-1,-1,2.0394444664319358,leaf8
Dlh-Post,spatiotemporal,0,RF_plain,3.064218477987189,-1,-1,1.7610212643941243,leaf8
Dlh-Post,spatiotemporal,0,RF_noStatic,3.337633550969334,-1,-1,0.7583819071451823,leaf8
Dlh-Post,spatiotemporal,0,GAT,2.501368655035226,3,43,0.5609655459721883,fixed
Dlh-Post,spatiotemporal,0,GAT_noStatic,2.4571250571197947,3,43,0.5710923631985982,fixed
Dlh-Post,spatiotemporal,0,GAT_noPairNorm,1.5736120633713007,13,53,0.6266465663909913,fixed
Dlh-Post,spatiotemporal,0,GAT_noPrior,2.688784151170589,3,43,0.4863721529642741,fixed
Blr-Pre,spatial,1,RF_lag,0.6989839650621227,-1,-1,0.964648175239563,leaf8
Blr-Pre,spatial,1,RF_plain,0.7324723093519202,-1,-1,0.7933967471122741,leaf8
Blr-Pre,spatial,1,RF_noStatic,0.8026222487896917,-1,-1,0.3244901458422343,leaf8
Blr-Pre,spatial,1,GAT,1.4211697796866964,115,155,2.6846270044644673,fixed
Blr-Pre,spatial,2,RF_lag,0.692480917262625,-1,-1,0.8168239514033,leaf2
Blr-Pre,spatial,2,RF_plain,0.7209505931331425,-1,-1,0.7001678228378296,leaf8
Blr-Pre,spatial,2,RF_noStatic,0.8035521958089749,-1,-1,0.3116204380989075,leaf2
Blr-Pre,spatial,2,GAT,1.3201928136221723,157,197,3.3662394722302755,fixed
Blr-Pre,spatial,3,RF_lag,0.6234319390145332,-1,-1,0.8249947706858317,leaf1
Blr-Pre,spatial,3,RF_plain,0.6588977258722045,-1,-1,0.6555892984072368,leaf1
Blr-Pre,spatial,3,RF_noStatic,0.7222333486034039,-1,-1,0.34433239698410034,leaf2
Blr-Pre,spatial,3,GAT,1.4971282649607582,63,103,1.7259487946828207,fixed
Blr-Pre,spatiotemporal,1,RF_lag,2.734535003363335,-1,-1,0.5969013770421346,leaf1
Blr-Pre,spatiotemporal,1,RF_plain,2.758866576474018,-1,-1,0.4635127623875936,leaf8
Blr-Pre,spatiotemporal,1,RF_noStatic,2.82006936181119,-1,-1,0.20170193910598755,leaf2
Blr-Pre,spatiotemporal,1,GAT,2.1942951981967758,9,49,0.40925873120625816,fixed
Blr-Pre,spatiotemporal,2,RF_lag,2.9231207508759325,-1,-1,0.4534044663111369,leaf8
Blr-Pre,spatiotemporal,2,RF_plain,2.9439902486158913,-1,-1,0.3616754611333211,leaf8
Blr-Pre,spatiotemporal,2,RF_noStatic,2.9092159347853017,-1,-1,0.18036625782648721,leaf2
Blr-Pre,spatiotemporal,2,GAT,2.4424701046684056,9,49,0.41829270124435425,fixed
Blr-Pre,spatiotemporal,3,RF_lag,2.764133501588207,-1,-1,0.5332586566607157,leaf8
Blr-Pre,spatiotemporal,3,RF_plain,2.7266030260405003,-1,-1,0.45862469673156736,leaf1
Blr-Pre,spatiotemporal,3,RF_noStatic,2.790067591532539,-1,-1,0.2053006649017334,leaf8
Blr-Pre,spatiotemporal,3,GAT,2.2339416931703253,3,43,0.38832775354385374,fixed
Blr-Post,spatial,1,RF_lag,0.6551718848212479,-1,-1,0.8689680258433025,leaf2
Blr-Post,spatial,1,RF_plain,0.6891389823640682,-1,-1,0.692406936486562,leaf8
Blr-Post,spatial,1,RF_noStatic,0.7820254685059088,-1,-1,0.34674187898635866,leaf1
Blr-Post,spatial,1,GAT,1.5682337081992572,52,92,1.6366805990537008,fixed
Blr-Post,spatial,2,RF_lag,0.7828581243285868,-1,-1,0.8011202573776245,leaf1
Blr-Post,spatial,2,RF_plain,0.76294995224815,-1,-1,0.6970214565594991,leaf1
Blr-Post,spatial,2,RF_noStatic,0.8734228473868094,-1,-1,0.30743553638458254,leaf2
Blr-Post,spatial,2,GAT,1.587521887119859,80,120,2.0958398302396137,fixed
Blr-Post,spatial,3,RF_lag,0.6551357618896372,-1,-1,0.9310081203778585,leaf1
Blr-Post,spatial,3,RF_plain,0.6761106982422107,-1,-1,0.7661423365275065,leaf2
Blr-Post,spatial,3,RF_noStatic,0.7658067041330646,-1,-1,0.34329293966293334,leaf2
Blr-Post,spatial,3,GAT,1.5619867457678835,98,138,2.472557771205902,fixed
Blr-Post,spatiotemporal,1,RF_lag,1.823116109525234,-1,-1,0.4867227156956991,leaf8
Blr-Post,spatiotemporal,1,RF_plain,1.7848243936822854,-1,-1,0.4273732225100199,leaf1
Blr-Post,spatiotemporal,1,RF_noStatic,1.7541081781782286,-1,-1,0.17393575509389242,leaf2
Blr-Post,spatiotemporal,1,GAT,1.9711078405916087,41,81,0.6945164879163106,fixed
Blr-Post,spatiotemporal,2,RF_lag,1.7958892314042525,-1,-1,0.44654545386632283,leaf1
Blr-Post,spatiotemporal,2,RF_plain,1.7494608736651713,-1,-1,0.3968489448229472,leaf2
Blr-Post,spatiotemporal,2,RF_noStatic,1.726862602445429,-1,-1,0.16428157091140747,leaf2
Blr-Post,spatiotemporal,2,GAT,1.9829047871729657,2,42,0.36540300846099855,fixed
Blr-Post,spatiotemporal,3,RF_lag,1.8101315656955292,-1,-1,0.6701678156852722,leaf1
Blr-Post,spatiotemporal,3,RF_plain,1.8011439373800069,-1,-1,0.5456238587697347,leaf2
Blr-Post,spatiotemporal,3,RF_noStatic,1.8319102537510452,-1,-1,0.25781675179799396,leaf1
Blr-Post,spatiotemporal,3,GAT,2.055563577716512,3,43,0.43642605940500895,fixed
Hyd-Pre,spatial,1,RF_lag,0.7462550334860623,-1,-1,1.527823237578074,leaf1
Hyd-Pre,spatial,1,RF_plain,0.8016359857502429,-1,-1,1.3235849181811015,leaf1
Hyd-Pre,spatial,1,RF_noStatic,0.8657222449399502,-1,-1,0.6032665769259135,leaf8
Hyd-Pre,spatial,1,GAT,1.2259457332222106,80,120,2.4259124239285788,fixed
Hyd-Pre,spatial,2,RF_lag,0.7428681583376444,-1,-1,1.6584192554155985,leaf1
Hyd-Pre,spatial,2,RF_plain,0.7737731190961707,-1,-1,1.406533141930898,leaf1
Hyd-Pre,spatial,2,RF_noStatic,0.8204392781216598,-1,-1,0.6630497058232625,leaf2
Hyd-Pre,spatial,2,GAT,1.2796810107472305,49,89,1.815470536549886,fixed
Hyd-Pre,spatial,3,RF_lag,0.9234642508359208,-1,-1,1.6495334108670552,leaf1
Hyd-Pre,spatial,3,RF_plain,0.9345361712522531,-1,-1,1.4310575207074483,leaf1
Hyd-Pre,spatial,3,RF_noStatic,1.0089903826829494,-1,-1,0.5796513239542643,leaf2
Hyd-Pre,spatial,3,GAT,1.3723302699137663,45,85,1.7368653972943624,fixed
Hyd-Pre,spatiotemporal,1,RF_lag,1.62324420306107,-1,-1,0.9110101064046224,leaf8
Hyd-Pre,spatiotemporal,1,RF_plain,1.6495623521015113,-1,-1,0.7964004596074422,leaf8
Hyd-Pre,spatiotemporal,1,RF_noStatic,1.7225470218970862,-1,-1,0.34232318003972373,leaf2
Hyd-Pre,spatiotemporal,1,GAT,1.1927961903413866,11,51,0.5376783927281698,fixed
Hyd-Pre,spatiotemporal,2,RF_lag,1.5793691874180538,-1,-1,1.038645859559377,leaf1
Hyd-Pre,spatiotemporal,2,RF_plain,1.613105760711855,-1,-1,0.8889282584190369,leaf8
Hyd-Pre,spatiotemporal,2,RF_noStatic,1.7056373156597582,-1,-1,0.3749407132466634,leaf1
Hyd-Pre,spatiotemporal,2,GAT,1.2639677006682037,10,50,0.5416801850001017,fixed
Hyd-Pre,spatiotemporal,3,RF_lag,1.497394933217802,-1,-1,1.0157930493354796,leaf1
Hyd-Pre,spatiotemporal,3,RF_plain,1.4943324550828354,-1,-1,0.829917840162913,leaf1
Hyd-Pre,spatiotemporal,3,RF_noStatic,1.5654073660597694,-1,-1,0.3235485831896464,leaf1
Hyd-Pre,spatiotemporal,3,GAT,1.1455685450066444,10,50,0.5015377521514892,fixed
Hyd-Post,spatial,1,RF_lag,0.7360964874874706,-1,-1,1.6035527467727662,leaf1
Hyd-Post,spatial,1,RF_plain,0.8162685635259076,-1,-1,1.3885143160820008,leaf1
Hyd-Post,spatial,1,RF_noStatic,0.8545824100806,-1,-1,0.6637085835138957,leaf8
Hyd-Post,spatial,1,GAT,1.3433471698109212,44,84,1.8187296072642007,fixed
Hyd-Post,spatial,2,RF_lag,0.7220449994811886,-1,-1,1.6353898684183756,leaf1
Hyd-Post,spatial,2,RF_plain,0.8154601759821867,-1,-1,1.4869648973147074,leaf1
Hyd-Post,spatial,2,RF_noStatic,0.8359692682500447,-1,-1,0.7215300321578979,leaf1
Hyd-Post,spatial,2,GAT,1.3422037510888187,64,104,2.3103111743927003,fixed
Hyd-Post,spatial,3,RF_lag,0.875666265964584,-1,-1,1.7316104491551718,leaf1
Hyd-Post,spatial,3,RF_plain,0.9336044893338089,-1,-1,1.5022864858309428,leaf1
Hyd-Post,spatial,3,RF_noStatic,0.94869457329934,-1,-1,0.6353508591651916,leaf1
Hyd-Post,spatial,3,GAT,1.3625228069662685,51,91,2.0118231177330017,fixed
Hyd-Post,spatiotemporal,1,RF_lag,1.2262087882130324,-1,-1,0.9896244724591573,leaf8
Hyd-Post,spatiotemporal,1,RF_plain,1.2811603966577003,-1,-1,0.8568941831588746,leaf8
Hyd-Post,spatiotemporal,1,RF_noStatic,1.3464385659334965,-1,-1,0.4059467991193136,leaf8
Hyd-Post,spatiotemporal,1,GAT,1.1245361621571193,5,45,0.5084140578905741,fixed
Hyd-Post,spatiotemporal,2,RF_lag,1.387355643977681,-1,-1,1.0013045072555542,leaf2
Hyd-Post,spatiotemporal,2,RF_plain,1.4771340052657007,-1,-1,0.8603636185328166,leaf8
Hyd-Post,spatiotemporal,2,RF_noStatic,1.622638151123651,-1,-1,0.42549819151560464,leaf8
Hyd-Post,spatiotemporal,2,GAT,1.1139660836091667,18,58,0.6782636602719625,fixed
Hyd-Post,spatiotemporal,3,RF_lag,1.525273294676575,-1,-1,1.105241596698761,leaf8
Hyd-Post,spatiotemporal,3,RF_plain,1.5644156983040791,-1,-1,0.9734694282213847,leaf8
Hyd-Post,spatiotemporal,3,RF_noStatic,1.6628459966974083,-1,-1,0.4225092848141988,leaf8
Hyd-Post,spatiotemporal,3,GAT,1.3619087889960988,18,58,0.6945707043011983,fixed
Dlh-Pre,spatial,1,RF_lag,0.7027145394478453,-1,-1,4.038202965259552,leaf1
Dlh-Pre,spatial,1,RF_plain,0.785287693617305,-1,-1,3.408881727854411,leaf1
Dlh-Pre,spatial,1,RF_noStatic,1.0676373156363526,-1,-1,1.4338166832923889,leaf8
Dlh-Pre,spatial,1,GAT,1.8136580704546938,108,148,3.5279062072436016,fixed
Dlh-Pre,spatial,2,RF_lag,0.6721575686852183,-1,-1,4.162783622741699,leaf1
