mode,config,model,S,r_sp,S_over_r
spatial,Blr-Pre,RF_lag,0.7588383590782432,0.7254862362972083,1.04597209583363
spatial,Blr-Pre,RF_plain,0.6718361976597164,0.6491535224302906,1.0349419273648963
spatial,Blr-Pre,GAT,0.7343711970759456,0.5309677038418225,1.3830807255552362
spatial,Blr-Post,RF_lag,0.6432070756283875,0.6653324664137171,0.9667453613009596
spatial,Blr-Post,RF_plain,0.6285244316250633,0.6368817979873533,0.9868776806171874
spatial,Blr-Post,GAT,0.7258637532321148,0.5880956313008908,1.234261427221412
spatial,Hyd-Pre,RF_lag,0.7353339152633401,0.7202837982275382,1.0208947043829626
spatial,Hyd-Pre,RF_plain,0.7023345621497439,0.6995901635943489,1.0039228661267832
spatial,Hyd-Pre,GAT,0.8442442616906486,0.5901891184391557,1.4304639569149973
spatial,Hyd-Post,RF_lag,0.7566188912491395,0.786930520415701,0.9614811874998199
spatial,Hyd-Post,RF_plain,0.6768478591573717,0.7334221760224884,0.9228625494092204
spatial,Hyd-Post,GAT,0.7468691309485026,0.6940594469134762,1.076088127998076
spatial,Dlh-Pre,RF_lag,0.8651150602495532,0.8303415870849842,1.0418785156680463
spatial,Dlh-Pre,RF_plain,0.8552635358980764,0.7925470611924812,1.0791328083549143
spatial,Dlh-Pre,GAT,0.7756242408799442,0.6847270599635056,1.1327495088645734
spatial,Dlh-Post,RF_lag,0.890921880173967,0.8334096202681917,1.0690083945602498
spatial,Dlh-Post,RF_plain,0.9035939099193794,0.7795040795977196,1.1591907387908722
spatial,Dlh-Post,GAT,0.8516354396841433,0.6929024697609109,1.229084145100542
spatiotemporal,Blr-Pre,RF_lag,0.21995741286240167,0.4699027366313528,0.46809136384102873
spatiotemporal,Blr-Pre,RF_plain,0.20731061537921164,0.4358647157241568,0.4756306438679728
spatiotemporal,Blr-Pre,GAT,0.5376335447019124,0.5771134334753153,0.9315907645128632
spatiotemporal,Blr-Post,RF_lag,0.3820452237692958,0.5862643494566333,0.6516603373945326
spatiotemporal,Blr-Post,RF_plain,0.3250031243838783,0.5533407099369457,0.5873472140174054
spatiotemporal,Blr-Post,GAT,0.8296134086587743,0.5641514114667726,1.4705509758485056
spatiotemporal,Hyd-Pre,RF_lag,0.5729084994248808,0.5649546887836845,1.0140786700227595
spatiotemporal,Hyd-Pre,RF_plain,0.4344381659467123,0.5175029893113533,0.8394891912118687
spatiotemporal,Hyd-Pre,GAT,0.9690208348706375,0.6371621808358159,1.5208385934009712
spatiotemporal,Hyd-Post,RF_lag,0.5673907892294138,0.6751536653448116,0.8403876307768223
spatiotemporal,Hyd-Post,RF_plain,0.44946669160431224,0.5271901747780838,0.8525703116404083
spatiotemporal,Hyd-Post,GAT,0.6810523028829746,0.5457483939524422,1.2479236044116018
spatiotemporal,Dlh-Pre,RF_lag,0.5941902435875331,0.6405719798097003,0.9275932484028632
spatiotemporal,Dlh-Pre,RF_plain,0.4741163731449892,0.5909857039096452,0.8022467718059658
spatiotemporal,Dlh-Pre,GAT,0.8725497345817352,0.5754544501684156,1.5162794106924886
spatiotemporal,Dlh-Post,RF_lag,0.8158646757613232,0.8033636584522695,1.0155608449268636
spatiotemporal,Dlh-Post,RF_plain,0.6729074281380684,0.7191500926467164,0.9356981734668777
spatiotemporal,Dlh-Post,GAT,1.130638913574957,0.7659251593736388,1.4761741401726185
