mode,fold,config,tree_rmse,tree_level,tree_anom,graph_rmse,graph_level,graph_anom,oracle_rmse,tree_r2sp,graph_r2sp,n_passes,n_nights,tree_rmse_all,graph_rmse_all,rmse_gap,level_gap,anom_gap,r2sp_gap,level_over_anom
spatial,0,Blr-Pre,0.6351641653786528,0.2119292646445198,0.5987649820826145,1.3957917508460902,1.14001049464959,0.8053636966109109,0.8449433500766429,0.4978220932722588,0.09149167044539464,65,46,0.6351125836372375,1.406474232673645,0.7606275854674374,0.9280812300050701,0.20659871452829637,0.40633042282686416,4.4921926650127215
spatial,0,Blr-Post,0.8538305698710138,0.475388226510307,0.7092479652009198,1.5536469406021243,1.3242917474806877,0.8124470343332466,0.8527822908675551,0.30829669491094724,0.09235970297853557,73,47,0.8567317128181458,1.5571781396865845,0.6998163707311105,0.8489035209703807,0.10319906913232679,0.21593699193241167,8.225883509490535
spatial,0,Hyd-Pre,0.6944401908161014,0.3285205268306447,0.6118181446080355,1.2702663006587236,0.9621276798685456,0.8293894153049989,0.9514712408112705,0.5865210796036866,0.24015388815913663,85,55,0.7029579877853394,1.2744262218475342,0.5758261098426222,0.6336071530379009,0.21757127069696336,0.34636719144454997,2.9121820680102513
spatial,0,Hyd-Post,0.7219490708114321,0.4029617374392399,0.5990261254782127,1.311371854061583,1.0951541217664607,0.7213415205038775,0.9849584780367118,0.6301244004730406,0.4636528016183409,94,55,0.7249008417129517,1.315176010131836,0.589422783250151,0.6921923843272207,0.1223153950256648,0.16647159885469975,5.659078190296337
spatial,0,Dlh-Pre,0.6604645532201228,0.16739291385842645,0.6388998657459882,1.7538706948847993,1.5430417092348514,0.8337173969261267,1.1579375364210347,0.6955644755376612,0.48159705181234735,103,58,0.6604645252227783,1.7538707256317139,1.0934061416646765,1.375648795376425,0.19481753118013845,0.21396742372531385,7.06121665254257
spatial,0,Dlh-Post,0.5807412047693898,0.16046293262018918,0.5581325955110766,1.0452275106031101,0.7570338788998161,0.7206942868647379,1.0428247867401181,0.7135478525369733,0.5223833391477701,96,58,0.5806949734687805,1.0451953411102295,0.4644863058337203,0.5965709462796269,0.16256169135366128,0.19116451338920315,3.669812618901438
spatial,1,Blr-Pre,0.7662005540326621,0.4100379634802705,0.6472496871416089,1.2818237051141934,1.0757514613380474,0.6970156414469723,0.8010744974813024,0.3471733331056802,0.24292442333814124,61,43,0.7695459127426147,1.2998721599578857,0.5156231510815313,0.665713497857777,0.04976595430536335,0.10424890976753898,13.376886008715243
spatial,1,Blr-Post,0.6423455675536163,0.2641614009335428,0.585513947240034,1.5027491666274413,1.3216420514180496,0.7152044083497802,0.7917217944563782,0.4530730944113309,0.18395301472135528,72,46,0.6488882899284363,1.5127935409545898,0.860403599073825,1.0574806504845067,0.12969046110974614,0.26912007968997564,8.15388149163607
spatial,1,Hyd-Pre,0.7593381842913448,0.33182221929787603,0.6829996287723066,1.258615244596995,0.9449924313238145,0.8313252303837887,0.9121293293560591,0.43930317865892876,0.16932893753533496,86,56,0.7597066760063171,1.2594517469406128,0.4992770603056501,0.6131702120259385,0.14832560161148212,0.2699742411235938,4.133947244198954
spatial,1,Hyd-Post,0.8069901119264675,0.41654115952300363,0.6911776205653104,1.418953841611647,1.151738892304173,0.8288109124392655,0.9567394102981062,0.4780943387698896,0.2495468356042636,97,57,0.8084038496017456,1.419170618057251,0.6119637296851794,0.7351977327811693,0.13763329187395512,0.228547503165626,5.341714368457198
spatial,1,Dlh-Pre,0.8613670973115052,0.33496269363533826,0.7935699529363536,1.853922140042805,1.5901463479138,0.9531326736385118,1.2661957956708199,0.6072025161842821,0.43336293304755447,103,58,0.8613671064376831,1.8539221286773682,0.9925550427312998,1.2551836542784618,0.15956272070215827,0.17383958313672765,7.866396666809179
spatial,2,Blr-Pre,0.8594597767471671,0.48727159849279067,0.7079812830496093,1.448210615480998,1.2072849368211798,0.7998606554372649,0.8384975117338332,0.28708131654983293,0.09003411018140439,69,49,0.8661448359489441,1.4482532739639282,0.5887508387338308,0.7200133383283891,0.09187937238765564,0.19704720636842854,7.83650692878618
spatial,2,Blr-Post,0.7733035367312275,0.3585494324690247,0.6851574011839654,1.6222593984360258,1.4122444071614115,0.7983052613225909,0.7967113311820595,0.2604309657825613,-0.0040052764806157715,73,47,0.7915653586387634,1.630184531211853,0.8489558617047983,1.053694974692387,0.11314786013862554,0.2644362422631771,9.312548848925909
spatial,2,Hyd-Pre,0.6413108427321369,0.2214285352766747,0.60187124933081,1.2554597981828173,0.9690189465914867,0.7982365476473537,0.8380687547879385,0.4842397148066858,0.09279816972361343,83,55,0.6412297487258911,1.2554422616958618,0.6141489554506804,0.747590411314812,0.1963652983165437,0.3914415450830724,3.807141168648268
spatial,2,Hyd-Post,0.7955781572290146,0.3823114081103243,0.6976980661350694,1.381881810938316,1.0950664220713617,0.8428682403875388,0.9212622854528607,0.42645373810146325,0.16294731335847656,92,54,0.7967603802680969,1.3950026035308838,0.5863036537093014,0.7127550139610375,0.14517017425246947,0.2635064247429867,4.909789615058707
spatial,3,Blr-Pre,0.664296270648092,0.3252569858190853,0.5792213984072467,1.5385749558022845,1.295855555663529,0.8294403375035292,0.8076451117684316,0.48566265601516245,-0.05470053602104885,68,48,0.6659068465232849,1.539218544960022,0.8742786851541925,0.9705985698444437,0.25021893909628246,0.5403631920362113,3.8789972227920138
spatial,3,Blr-Post,0.6441800063790357,0.2629280074480384,0.5880788582476834,1.3900206719980035,1.1834461867171633,0.7291176803002289,0.7577082756890902,0.39762481617051604,0.0740421928282552,69,44,0.6457300782203674,1.41673743724823,0.7458406656189678,0.9205181792691248,0.1410388220525456,0.32358262334226084,6.526700704620005
spatial,3,Hyd-Pre,0.8382028482703646,0.4730524008234695,0.6919576872350675,1.3032540936598833,1.0335023339705574,0.7939421630815776,0.9739553370547311,0.49524457732298066,0.3354928643870153,81,55,0.8400413990020752,1.3043292760849,0.4650512453895187,0.5604499331470878,0.10198447584651016,0.15975171293596535,5.495443580948365
spatial,3,Hyd-Post,0.8205530848953131,0.4547133803026359,0.6830396085915994,1.286236576992425,1.0791699811013509,0.6998547591342796,0.9897364867349115,0.5237306699929765,0.4999923157795385,94,54,0.8205530643463135,1.2862365245819092,0.465683492097112,0.6244566007987149,0.016815150542680235,0.02373835421343795,37.136545356148815
spatiotemporal,0,Blr-Pre,2.661221822677092,2.4363396484529254,1.07067768579954,2.3083730997632483,2.06691220106578,1.0278425564238913,1.106415129321148,0.06355712080246556,0.13698771358880324,15,11,2.6707394123077393,2.3246402740478516,-0.3528487229138437,-0.3694274473871455,-0.042835129375648595,-0.07343059278633768,
spatiotemporal,0,Blr-Post,1.6166759284572776,1.4890256585598096,0.6296377099600419,1.6525899079667508,1.5131113730356938,0.6644903134761195,0.7016805284438887,0.1948021413932799,0.10319409591151163,10,10,1.6921446323394775,1.7370432615280151,0.03591397950947317,0.024085714475884146,0.03485260351607766,0.09160804548176826,0.6910736084543382
spatiotemporal,0,Hyd-Pre,1.693103210217856,1.522462999775129,0.7407461743173064,1.604175310488271,1.4045522538468596,0.7749912212366329,0.8528311166590813,0.24558075458934514,0.17421404800676776,20,12,1.6931031942367554,1.604175329208374,-0.08892789972958504,-0.11791074592826933,0.034245046919326505,0.07136670658257738,-3.4431474486234483
spatiotemporal,0,Hyd-Post,1.3110316150167862,1.0637176469531655,0.7663606612646184,1.6916552877882767,1.4510993807354895,0.8694873201669567,1.012051611517859,0.42659551509134297,0.2618898380367365,23,12,1.3110315799713135,1.6916552782058716,0.38062367277149045,0.387381733782324,0.1031266589023383,0.16470567705460648,3.7563685074795
spatiotemporal,0,Dlh-Pre,2.680112584522463,2.534855605147053,0.8703508067269445,2.8556795991820074,2.681774898349223,0.9813202167327064,1.187614042015623,0.46292118188911535,0.317235638031958,30,16,2.680112600326538,2.855679512023926,0.17556701465954427,0.14691929320216968,0.11096941000576188,0.14568554385715737,1.3239621008577154
spatiotemporal,0,Dlh-Post,1.3612350799535247,1.2581441153845392,0.519648273180364,1.430004174254183,1.2845351691760754,0.628395844618803,0.9219104966789775,0.6822822653769205,0.5353894261538845,25,16,1.3612350225448608,1.4300042390823364,0.06876909430065825,0.026391053791536168,0.10874757143843905,0.14689283922303598,0.2426817761762697
spatiotemporal,1,Blr-Pre,1.8158674618407276,1.6231909240422593,0.8140183432077698,1.4020854732765842,1.118868649796623,0.8449713716307229,0.8799103978525261,0.14416216213073874,0.07783827973671587,12,8,1.8125364780426025,1.400296688079834,-0.4137819885641434,-0.5043222742456364,0.03095302842295311,0.06632388239402287,-16.29314803561056
spatiotemporal,1,Blr-Post,1.795362037477,1.694503833640714,0.5932803750255761,1.6063429174007473,1.5155975050036516,0.5322609990505133,0.6605909152098078,0.1934063998609279,0.35079165136910806,22,12,1.7953619956970215,1.6063430309295654,-0.18901912007625277,-0.17890632863706246,-0.061019375975062795,-0.15738525150818017,
spatiotemporal,1,Hyd-Pre,1.819505387488725,1.6349692260139892,0.7984206191524063,1.5849792056798016,1.3359261838167757,0.8529128406995179,0.9246601568273329,0.25441150290859593,0.14916564672661425,17,12,1.8195053339004517,1.5849791765213013,-0.23452618180892348,-0.29904304219721345,0.05449222154711164,0.10524585618198168,-5.487811539095972
spatiotemporal,1,Hyd-Post,1.577711569742155,1.337520121581548,0.8367877399094327,1.944887308239833,1.711542340809453,0.9236933784372829,1.0213439715666375,0.32874650887323276,0.1820785437319784,21,12,1.577711582183838,1.9448872804641724,0.36717573849767793,0.374022219227905,0.08690563852785027,0.14666796514125435,4.303773904244933
spatiotemporal,2,Blr-Pre,2.074722985155054,1.8737314177817779,0.8908456876183368,2.0034498867978376,1.780270043257606,0.9189396182502033,0.8969300206550666,0.013521002380476155,-0.04967977830214387,17,12,2.0747230052948,2.0034499168395996,-0.07127309835721629,-0.09346137452417191,0.028093930631866493,0.06320078068262003,-3.326746112847598
spatiotemporal,2,Blr-Post,1.5202715871012373,1.2797443553256722,0.8206583232743054,1.4190676831920142,1.1543299382183563,0.8253941381017655,0.8437866582438299,0.05406902079011355,0.043120055546085334,22,12,1.5202715396881104,1.419067621231079,-0.10120390390922318,-0.12541441710731593,0.004735814827460105,0.01094896524402822,-26.482120115869844
spatiotemporal,2,Hyd-Pre,1.647100568618869,1.531889610284538,0.6051896438694969,1.8206554424499948,1.6747794369740305,0.7140728797620978,0.6827220974658239,0.21423070197699579,-0.09394920888564906,16,12,1.647100567817688,1.8206554651260376,0.17355487383112567,0.14288982668949246,0.10888323589260085,0.30817991086264485,1.312321639948639
spatiotemporal,2,Hyd-Post,1.8663393058093605,1.476198722190432,1.1419543497935027,1.9096812615763252,1.4964764705705151,1.1863560569426699,1.1729503596437976,0.052153041760662266,-0.02298870419786936,21,12,1.8663393259048462,1.9096812009811401,0.04334195576696476,0.020277748380083116,0.044401707149167136,0.07514174595853162,0.45668848524134903
spatiotemporal,3,Blr-Pre,2.0795143812781194,1.992367817214108,0.595693329551381,1.5482459961465997,1.4231170405513591,0.609756962630455,0.5884741222828932,-0.02468583893628984,-0.07364027973543119,10,8,2.079514265060425,1.5482460260391235,-0.5312683851315196,-0.5692507766627488,0.01406363307907399,0.04895444079914135,-40.47679383144364
spatiotemporal,3,Blr-Post,2.8639324498933836,2.6124611348044904,1.1735228573352774,2.7012330428797835,2.4420181775939924,1.1546459077336617,1.2569434252379605,0.12833091221915116,0.1561482019216749,11,8,2.8592231273651123,2.6948909759521484,-0.16269940701360008,-0.17044295721049796,-0.018876949601615678,-0.02781728970252373,
spatiotemporal,3,Hyd-Pre,2.13625615590252,1.9531282900445002,0.8653786721772498,2.0624557597764857,1.86208783365356,0.8867652794255038,1.0596760943508126,0.3330917329622154,0.29972102627805497,17,11,2.136256217956543,2.062455654144287,-0.0738003961260345,-0.09104045639094016,0.02138660724825392,0.03337070668416042,-4.25689102222481
spatiotemporal,3,Hyd-Post,1.4687206996157474,1.3519413813645422,0.5739294336709905,1.3569711879706374,1.2202893109248691,0.5935189993799284,0.8528370771550268,0.5471182191791324,0.515674756340047,16,9,1.46872079372406,1.3569711446762085,-0.11174951164510993,-0.13165207043967309,0.019589565708937884,0.03144346283908539,-6.720520117483047
