config,model,features,seed,n_train_rows,n_test_rows,n_input_dims,fit_seconds,predict_ms,rmse,mae,r2,spatial_r
Bangalore_April,RandomForest plain,plain,0,11455,4965,55,14.0,224.39,0.6440452380171475,0.40431806623558075,0.9195237755010662,
Bangalore_April,HistGBR plain,plain,0,11455,4965,55,3.12,220.25,0.6669486397284772,0.4232145545916641,0.9136982447307633,
Bangalore_April,RandomForest plain,plain,1,11455,4965,55,13.9,230.75,0.6483883906888469,0.40629242986877007,0.9184347245658075,
Bangalore_April,HistGBR plain,plain,1,11455,4965,55,4.02,251.03,0.6570373894925933,0.41863564248180274,0.9162441760882513,
Bangalore_April,RandomForest plain,plain,2,11455,4965,55,12.85,353.33,0.644022680446959,0.4041057924848658,0.9195294127333112,
Bangalore_April,HistGBR plain,plain,2,11455,4965,55,4.09,181.58,0.6651791365605896,0.42813836429287633,0.9141555772409128,
Bangalore_April,RandomForest +lag,+lag,0,11455,4965,110,20.76,236.51,0.5708030934514529,0.3597001975542225,0.9367868426672862,
Bangalore_April,HistGBR +lag,+lag,0,11455,4965,110,6.75,338.36,0.6131913258696173,0.38797545750498696,0.9270497386620826,
Bangalore_April,RandomForest +lag,+lag,1,11455,4965,110,21.48,219.15,0.5709615622185356,0.3586700842850606,0.9367517387873494,
Bangalore_April,HistGBR +lag,+lag,1,11455,4965,110,6.24,293.35,0.6064305660227757,0.38722005731404374,0.9286495013642158,
Bangalore_April,RandomForest +lag,+lag,2,11455,4965,110,21.68,222.25,0.5716400539618817,0.3595559490399847,0.9366013296405825,
Bangalore_April,HistGBR +lag,+lag,2,11455,4965,110,5.68,268.55,0.605971502249856,0.39056409770691825,0.9287574841523502,
Bangalore_December,RandomForest plain,plain,0,11636,5343,55,16.37,385.37,0.7689826173610282,0.35440408751688707,0.8822607409654472,0.6531478984699558
Bangalore_December,HistGBR plain,plain,0,11636,5343,55,3.22,158.11,0.8215825641015057,0.3840003296027577,0.8656026577076656,0.637104566171617
Bangalore_December,RandomForest plain,plain,1,11636,5343,55,14.08,436.44,0.7734998276872777,0.35555577285858786,0.8808734141044443,0.6476493663981328
Bangalore_December,HistGBR plain,plain,1,11636,5343,55,3.12,234.16,0.8292081316478372,0.38199698548404226,0.8630962458440992,0.645619179519355
Bangalore_December,RandomForest plain,plain,2,11636,5343,55,14.08,233.16,0.7709447657885263,0.3555414723267838,0.8816591236171498,0.6559253774686182
Bangalore_December,HistGBR plain,plain,2,11636,5343,55,3.07,239.04,0.7492209434194302,0.3830321780466143,0.8882344214236981,0.6352770089767918
Bangalore_December,RandomForest +lag,+lag,0,11636,5343,110,21.91,365.22,0.6821927001771609,0.3325376065299855,0.9073378466208769,0.6839959142278553
Bangalore_December,HistGBR +lag,+lag,0,11636,5343,110,6.39,294.92,0.7069380316329112,0.3631139030914349,0.9004936158023317,0.6636451901927057
Bangalore_December,RandomForest +lag,+lag,1,11636,5343,110,21.55,376.21,0.6983058623949662,0.33238154759676675,0.9029088536518538,0.6751445239519099
Bangalore_December,HistGBR +lag,+lag,1,11636,5343,110,6.86,285.17,0.7279106539312483,0.36805475903734997,0.8945019567483591,0.6622179807583308
Bangalore_December,RandomForest +lag,+lag,2,11636,5343,110,21.21,223.76,0.6972640328131003,0.3331510436396533,0.9031983456273095,0.6785161033767866
Bangalore_December,HistGBR +lag,+lag,2,11636,5343,110,5.78,205.34,0.7094041623296925,0.37136048558766216,0.8997981551955933,0.6548133967452758
Hyderabad_April,RandomForest plain,plain,0,23438,10188,55,30.38,410.74,0.8384182392160385,0.5495952788540626,0.8787695320836008,0.6764377163179446
Hyderabad_April,HistGBR plain,plain,0,23438,10188,55,4.5,396.65,0.8154081083050894,0.5473540104488036,0.8853324858130573,0.6645012438792139
Hyderabad_April,RandomForest plain,plain,1,23438,10188,55,29.77,420.48,0.838538381033542,0.5489199526354073,0.8787347859590251,0.6790003738907081
Hyderabad_April,HistGBR plain,plain,1,23438,10188,55,4.7,517.53,0.8297757459720335,0.5529323797517653,0.8812559604172523,0.6534293517431594
Hyderabad_April,RandomForest plain,plain,2,23438,10188,55,31.56,682.46,0.837427793323364,0.5494140997143363,0.8790557884915362,0.68187751521907
Hyderabad_April,HistGBR plain,plain,2,23438,10188,55,4.66,396.67,0.8157561730979456,0.5414382106721792,0.8852345710571996,0.6670707056786616
Hyderabad_April,RandomForest +lag,+lag,0,23438,10188,110,46.52,389.93,0.755350358185783,0.4727390092341814,0.9016017838214039,0.7237147810599045
Hyderabad_April,HistGBR +lag,+lag,0,23438,10188,110,9.79,540.14,0.7879855687936551,0.5248523805427117,0.8929154356656503,0.6601781405672595
Hyderabad_April,RandomForest +lag,+lag,1,23438,10188,110,46.41,414.57,0.7511743344769024,0.4712196329295185,0.9026867833672466,0.7158182403222939
Hyderabad_April,HistGBR +lag,+lag,1,23438,10188,110,8.41,624.91,0.7817304678180977,0.5163480596060208,0.8946087819003294,0.6722554858104413
Hyderabad_April,RandomForest +lag,+lag,2,23438,10188,110,46.43,658.62,0.7537745352306622,0.47300210815094373,0.9020119151566466,0.7193306290147854
Hyderabad_April,HistGBR +lag,+lag,2,23438,10188,110,8.71,513.73,0.777107621051761,0.5156160508485494,0.8958515807807405,0.67470238970463
Hyderabad_December,RandomForest plain,plain,0,25851,11278,55,31.85,733.92,0.8419605006973933,0.5956806794005929,0.881011462142129,0.7263076249883973
Hyderabad_December,HistGBR plain,plain,0,25851,11278,55,5.64,428.31,0.8253167045072193,0.5917770370777479,0.8856692734846962,0.7059420382702641
Hyderabad_December,RandomForest plain,plain,1,25851,11278,55,31.98,422.62,0.8360386715308976,0.5943965339445575,0.8826793594565681,0.7282340077226263
Hyderabad_December,HistGBR plain,plain,1,25851,11278,55,4.4,426.6,0.8067030417346985,0.5796230657099467,0.8907682022305178,0.7209789882337897
Hyderabad_December,RandomForest plain,plain,2,25851,11278,55,32.41,758.4,0.8397062845470663,0.5949077571394669,0.8816477552160173,0.7284816527090925
Hyderabad_December,HistGBR plain,plain,2,25851,11278,55,5.51,437.03,0.8379391617761929,0.5890243520763581,0.8821453646415764,0.7122867033911753
Hyderabad_December,RandomForest +lag,+lag,0,25851,11278,110,49.34,405.71,0.6974739625953102,0.4719269933394322,0.9183459572782675,0.8088224267385108
Hyderabad_December,HistGBR +lag,+lag,0,25851,11278,110,9.83,550.24,0.7338629987270031,0.4966198477199833,0.9096034876772874,0.7872816402687168
Hyderabad_December,RandomForest +lag,+lag,1,25851,11278,110,49.05,437.71,0.6984057616393232,0.47405946296357576,0.9181276380678317,0.808737169409498
Hyderabad_December,HistGBR +lag,+lag,1,25851,11278,110,9.83,565.76,0.7247501086342615,0.49214466764217146,0.9118345820294076,0.78938941651101
Hyderabad_December,RandomForest +lag,+lag,2,25851,11278,110,48.98,409.08,0.6998316881902505,0.4754871701474681,0.9177929811721938,0.8087325880549038
Hyderabad_December,HistGBR +lag,+lag,2,25851,11278,110,9.79,574.27,0.7401815107979224,0.49546249213530796,0.9080401704652985,0.7864004808633687
Delhi_April,RandomForest plain,plain,0,48364,18334,55,68.41,1423.78,0.757274009451766,0.536081730984331,0.9665115355261449,0.761601007091426
Delhi_April,HistGBR plain,plain,0,48364,18334,55,7.67,756.38,0.7892217860427712,0.5685692283553795,0.9636263183178243,0.7105847103491884
Delhi_April,RandomForest plain,plain,1,48364,18334,55,69.32,1395.98,0.756260804300646,0.5360237242523318,0.9666010882779157,0.7635803924598117
Delhi_April,HistGBR plain,plain,1,48364,18334,55,6.55,715.63,0.7890953294606461,0.5682969295896789,0.9636379736548744,0.7208023230796996
Delhi_April,RandomForest plain,plain,2,48364,18334,55,69.9,822.62,0.753196046434445,0.5342440807525707,0.9668712389190878,0.762757264193703
Delhi_April,HistGBR plain,plain,2,48364,18334,55,6.6,738.81,0.7869886994461172,0.5652858372197975,0.963831864260487,0.7171031676318247
Delhi_April,RandomForest +lag,+lag,0,48364,18334,110,106.65,1283.51,0.6662131760665975,0.4611908936116844,0.9740811596356248,0.8292782960291435
Delhi_April,HistGBR +lag,+lag,0,48364,18334,110,13.36,1173.08,0.7588848036969849,0.5302607369771672,0.9663689176727146,0.7604972141910163
Delhi_April,RandomForest +lag,+lag,1,48364,18334,110,107.16,1356.95,0.6644414514524991,0.4598031981870745,0.9742188332451133,0.8311394891908457
Delhi_April,HistGBR +lag,+lag,1,48364,18334,110,12.7,1073.77,0.7384532925413662,0.5216021758508218,0.968155444305413,0.7781407237416212
Delhi_April,RandomForest +lag,+lag,2,48364,18334,110,105.93,1356.2,0.668583743025438,0.46261303888778793,0.973896378958666,0.8263996555938152
Delhi_April,HistGBR +lag,+lag,2,48364,18334,110,13.06,1163.22,0.7568081707546291,0.531028277699827,0.9665527238521936,0.759296756404492
Delhi_December,RandomForest plain,plain,0,41980,16130,55,58.2,1208.76,0.6531368959395911,0.49111320892252214,0.9405868442762625,0.7756279639191719
Delhi_December,HistGBR plain,plain,0,41980,16130,55,6.04,690.43,0.6952518988140667,0.5189078632922302,0.9326777608934376,0.7279842589041997
Delhi_December,RandomForest plain,plain,1,41980,16130,55,59.03,701.27,0.6546565151585092,0.49216444726468034,0.9403100557347854,0.7750812416776862
Delhi_December,HistGBR plain,plain,1,41980,16130,55,6.0,724.29,0.6893556167707731,0.5172450181294629,0.9338148097314909,0.7392066840813006
Delhi_December,RandomForest plain,plain,2,41980,16130,55,57.67,720.79,0.6554265273425339,0.49302685406426766,0.940169557584356,0.7736346516760606
Delhi_December,HistGBR plain,plain,2,41980,16130,55,7.26,675.03,0.69764881421057,0.5195118329880843,0.9322127672131233,0.7324998108499529
Delhi_December,RandomForest +lag,+lag,0,41980,16130,110,90.54,681.72,0.5646561024847829,0.41216639724291293,0.9555939404590755,0.8368436027691016
Delhi_December,HistGBR +lag,+lag,0,41980,16130,110,12.68,829.37,0.6016098394231185,0.44402685240393236,0.9495914684873441,0.8040453655081782
Delhi_December,RandomForest +lag,+lag,1,41980,16130,110,91.41,696.35,0.5649951722133805,0.4121526598116542,0.9555405937540767,0.8380905368870342
Delhi_December,HistGBR +lag,+lag,1,41980,16130,110,13.23,837.38,0.5985496258629819,0.4416224337479151,0.9501029911440448,0.8034053507434232
Delhi_December,RandomForest +lag,+lag,2,41980,16130,110,93.01,678.51,0.5655896360415119,0.4128607498449508,0.955446987953054,0.8382328311212676
Delhi_December,HistGBR +lag,+lag,2,41980,16130,110,12.96,849.92,0.6015274098728209,0.44445842576667344,0.9496052809872483,0.8178557438207958
